Applicant_ID,Applicant_Income,Coapplicant_Income,Employment_Status,Age,Marital_Status,Dependents,Credit_Score,Existing_Loans,DTI_Ratio,Savings,Collateral_Value,Loan_Amount,Loan_Term,Loan_Purpose,Property_Area,Education_Level,Gender,Employer_Category,Loan_Approved
APP-1001,9270,0,Salaried,31,Single,1,667,0,0.16,6392,163650,43741,180,Home,Semi-Urban,Postgraduate,Male,Private,1
APP-1002,2860,0,Salaried,61,Married,0,740,0,0.48,26905,116034,11408,36,Personal,Rural,Graduate,Male,Private,0
APP-1003,7390,0,Salaried,32,Married,0,591,4,0.48,74508,27883,52903,360,Personal,Semi-Urban,Postgraduate,Male,Govt,0
APP-1004,7191,1500,Self-Employed,35,Single,1,591,0,0.5,51385,39782,117042,60,Home,Semi-Urban,Graduate,Male,Govt,0
APP-1005,13964,1500,Salaried,51,Married,0,825,1,0.54,31653,66387,142290,60,Home,Rural,Undergraduate,Male,Private,1
APP-1006,13284,0,Self-Employed,49,Married,0,566,0,0.23,15799,158051,132189,48,Personal,Semi-Urban,Graduate,Female,Private,0
APP-1007,7734,3000,Self-Employed,46,Married,3,832,3,0.21,61103,43746,119268,360,Business,Semi-Urban,Graduate,Male,Private,1
APP-1008,8265,0,Salaried,38,Married,1,807,0,0.33,16052,76266,40105,240,Personal,Urban,Graduate,Female,Govt,1
APP-1009,2466,0,Self-Employed,52,Single,1,612,4,0.23,7044,10056,79634,48,Home,Rural,Graduate,Female,Self,0
APP-1010,6426,0,Salaried,42,Single,0,611,1,0.47,20871,41457,127426,48,Home,Semi-Urban,Graduate,Female,Private,0
APP-1011,7578,0,Salaried,58,Single,0,649,0,0.42,21234,143315,148691,24,Home,Semi-Urban,Undergraduate,Male,Self,0
APP-1012,13636,1000,Self-Employed,37,Single,3,568,3,0.54,22381,196103,28226,360,Personal,Urban,Postgraduate,Male,Private,0
APP-1013,13363,2000,Salaried,43,Married,0,566,1,0.14,18274,142773,35322,36,Personal,Semi-Urban,Undergraduate,Male,Govt,1
APP-1014,13111,1500,Salaried,44,Married,1,795,0,0.56,50892,197453,127504,48,Home,Urban,Undergraduate,Male,Private,1
APP-1015,10322,0,Salaried,28,Married,0,800,2,0.25,51521,191510,68215,180,Business,Urban,Graduate,Male,Private,1
APP-1016,3685,0,Salaried,61,Married,1,630,3,0.35,18920,83839,147632,240,Personal,Semi-Urban,Postgraduate,Female,Private,0
APP-1017,2769,0,Salaried,26,Married,0,588,1,0.32,17702,90636,104835,240,Personal,Urban,Graduate,Male,Private,0
APP-1018,12583,3000,Salaried,25,Single,3,585,0,0.48,2894,117697,83079,48,Business,Urban,Undergraduate,Male,Govt,0
APP-1019,8949,0,Business,64,Married,3,746,2,0.31,31985,76483,33946,180,Home,Semi-Urban,Graduate,Female,Private,1
APP-1020,4433,1500,Salaried,49,Married,2,707,1,0.57,29287,30505,120733,12,Business,Urban,Graduate,Male,Self,0
APP-1021,7311,5000,Salaried,48,Married,0,753,3,0.55,74527,147625,17253,120,Home,Urban,Graduate,Male,Govt,1
APP-1022,7051,1500,Salaried,31,Married,3,745,1,0.54,16439,43525,89311,120,Home,Urban,Graduate,Female,Private,0
APP-1023,8420,4000,Salaried,21,Single,1,765,0,0.14,43235,106008,42813,120,Business,Semi-Urban,Graduate,Male,Self,1
APP-1024,3184,0,Business,63,Married,1,834,3,0.53,28659,54348,58365,24,Business,Semi-Urban,Graduate,Female,Private,0
APP-1025,6555,2500,Self-Employed,39,Married,2,745,0,0.49,25976,17273,77593,240,Education,Semi-Urban,Postgraduate,Male,Private,0
APP-1026,5385,1500,Self-Employed,29,Single,0,701,0,0.15,68865,74236,48485,60,Personal,Urban,Undergraduate,Female,Private,1
APP-1027,14309,2000,Salaried,47,Married,0,563,1,0.15,69306,144607,121504,60,Personal,Urban,Graduate,Male,Private,1
APP-1028,8396,0,Salaried,54,Married,2,695,1,0.15,57697,159749,26101,24,Business,Urban,Graduate,Male,Private,1
APP-1029,13096,0,Salaried,64,Single,0,606,0,0.11,71382,117157,18831,48,Home,Semi-Urban,Undergraduate,Male,Private,1
APP-1030,10666,0,Self-Employed,24,Single,1,760,2,0.37,17651,10908,61897,360,Business,Rural,Graduate,Male,Govt,1
APP-1031,11274,2000,Salaried,56,Married,1,817,0,0.59,50044,118352,15004,360,Education,Urban,Undergraduate,Male,Private,1
APP-1032,4558,2500,Salaried,38,Single,3,759,1,0.32,15633,105967,55924,120,Education,Urban,Graduate,Male,Private,1
APP-1033,9849,2000,Business,35,Single,4,566,2,0.37,1569,98989,47170,360,Education,Urban,Postgraduate,Male,Private,0
APP-1034,4047,0,Salaried,33,Married,3,835,0,0.58,60900,45079,53555,48,Education,Semi-Urban,Postgraduate,Male,Private,0
APP-1035,4747,3000,Salaried,39,Single,0,752,0,0.23,68509,121889,128115,12,Business,Semi-Urban,Postgraduate,Male,Govt,1
APP-1036,11167,0,Salaried,26,Single,0,648,0,0.53,34038,59323,114216,24,Education,Semi-Urban,Undergraduate,Male,Govt,0
APP-1037,11998,0,Business,32,Single,1,828,4,0.37,50088,186392,75930,12,Business,Rural,Graduate,Female,Self,1
APP-1038,2189,0,Salaried,57,Single,0,758,0,0.38,74177,99909,46365,240,Home,Semi-Urban,Graduate,Male,Private,0
APP-1039,4734,2000,Self-Employed,37,Married,0,678,0,0.27,75466,56105,72188,360,Personal,Urban,Postgraduate,Male,Private,0
APP-1040,5005,0,Self-Employed,43,Married,1,837,1,0.38,73216,171236,108633,120,Business,Urban,Undergraduate,Female,Govt,1
APP-1041,6658,1500,Salaried,46,Married,1,801,1,0.14,67793,142957,73471,24,Personal,Semi-Urban,Graduate,Female,Govt,1
APP-1042,3899,2500,Self-Employed,49,Married,4,814,0,0.48,74786,198891,67287,120,Personal,Semi-Urban,Undergraduate,Male,Private,1
APP-1043,9734,0,Salaried,53,Married,0,820,1,0.24,39138,11049,142717,360,Personal,Semi-Urban,Graduate,Male,Self,1
APP-1044,3267,1500,Salaried,47,Single,0,737,0,0.54,64310,63281,69076,36,Business,Semi-Urban,Graduate,Male,Self,0
APP-1045,3528,0,Self-Employed,45,Single,0,763,4,0.28,29757,53271,126475,360,Business,Semi-Urban,Postgraduate,Male,Self,1
APP-1046,13394,0,Business,30,Married,3,832,0,0.17,71394,76697,60151,24,Home,Rural,Graduate,Female,Self,1
APP-1047,5556,1000,Self-Employed,43,Single,2,760,0,0.45,57151,46534,77384,60,Business,Semi-Urban,Postgraduate,Male,Self,0
APP-1048,5890,0,Salaried,41,Single,3,625,1,0.18,50272,103034,109865,24,Education,Rural,Graduate,Female,Private,0
APP-1049,10838,2000,Salaried,41,Married,3,697,0,0.48,7908,68097,43541,180,Home,Urban,Graduate,Male,Govt,0
APP-1050,13080,1000,Salaried,63,Married,1,762,1,0.58,11844,194885,82847,360,Business,Semi-Urban,Postgraduate,Male,Private,1
APP-1051,7393,1500,Salaried,33,Married,1,658,0,0.49,52455,35037,60955,180,Education,Rural,Postgraduate,Female,Govt,0
APP-1052,12627,2000,Salaried,57,Single,1,678,0,0.11,69447,177079,97780,60,Business,Urban,Graduate,Male,Private,1
APP-1053,10792,1500,Salaried,53,Married,1,559,2,0.4,75527,37278,109919,48,Home,Rural,Graduate,Male,Govt,0
APP-1054,12555,1500,Salaried,44,Single,1,596,1,0.45,78108,149344,122854,48,Home,Semi-Urban,Graduate,Female,Private,0
APP-1055,12253,1500,Salaried,64,Married,1,645,1,0.51,44066,198255,71768,240,Education,Urban,Graduate,Female,Private,0
APP-1056,10433,0,Salaried,31,Single,3,652,0,0.13,41004,109173,53262,12,Home,Semi-Urban,Undergraduate,Female,Govt,1
APP-1057,12233,0,Salaried,37,Single,4,695,0,0.34,39333,48294,146578,60,Personal,Urban,Undergraduate,Male,Private,1
APP-1058,13016,3000,Self-Employed,24,Single,2,576,0,0.37,40697,83277,30605,24,Home,Rural,Graduate,Male,Self,0
APP-1059,9513,2000,Salaried,45,Single,2,769,0,0.18,18634,14694,88590,360,Education,Rural,Graduate,Female,Private,1
APP-1060,4612,0,Business,50,Single,2,567,1,0.26,25561,68150,38231,180,Home,Urban,Undergraduate,Male,Self,0
APP-1061,9041,1000,Business,29,Single,0,716,3,0.32,19033,77470,89397,240,Home,Urban,Postgraduate,Female,Govt,1
APP-1062,11555,0,Salaried,41,Single,0,631,0,0.52,73887,31556,87123,120,Personal,Semi-Urban,Postgraduate,Male,Govt,0
APP-1063,8235,4000,Self-Employed,40,Single,2,621,0,0.56,56063,190927,23515,360,Home,Urban,Postgraduate,Male,Private,0
APP-1064,7486,0,Salaried,39,Single,2,803,0,0.41,26921,59086,97211,120,Personal,Urban,Graduate,Female,Private,1
APP-1065,9099,0,Salaried,39,Married,0,711,0,0.3,20340,159979,26600,180,Business,Semi-Urban,Graduate,Male,Private,1
APP-1066,11670,0,Salaried,32,Married,3,587,0,0.23,63781,189559,79310,180,Personal,Urban,Undergraduate,Male,Private,0
APP-1067,12748,1000,Salaried,57,Married,0,750,3,0.59,15901,170230,145501,360,Business,Urban,Postgraduate,Male,Private,1
APP-1068,2775,3000,Salaried,62,Married,0,749,1,0.59,11638,161365,145678,240,Home,Rural,Graduate,Male,Self,0
APP-1069,14206,0,Salaried,37,Married,2,804,4,0.56,39596,186833,145550,12,Home,Rural,Graduate,Male,Private,1
APP-1070,10226,2500,Self-Employed,57,Single,0,728,3,0.49,45324,109468,124380,48,Business,Rural,Graduate,Male,Govt,1
APP-1071,5152,0,Self-Employed,59,Single,0,584,1,0.26,33642,43387,121780,180,Personal,Rural,Postgraduate,Male,Private,0
APP-1072,12147,2500,Salaried,48,Single,1,631,1,0.51,26378,181822,76177,240,Personal,Urban,Graduate,Female,Govt,0
APP-1073,3585,0,Self-Employed,61,Married,2,769,0,0.3,51867,78602,65746,180,Personal,Urban,Graduate,Male,Private,1
APP-1074,5943,0,Salaried,55,Married,1,707,1,0.26,74686,162328,133075,36,Education,Urban,Undergraduate,Female,Govt,0
APP-1075,9555,2000,Salaried,38,Married,2,553,3,0.47,43875,146666,95195,48,Home,Rural,Graduate,Male,Private,0
APP-1076,5073,5000,Self-Employed,34,Married,1,716,0,0.14,65377,12460,46818,180,Personal,Rural,Graduate,Male,Govt,1
APP-1077,3021,3000,Salaried,55,Married,0,753,3,0.12,55691,82356,31309,240,Personal,Semi-Urban,Graduate,Male,Govt,1
APP-1078,13653,1500,Salaried,64,Married,4,743,0,0.32,65303,64698,38176,180,Education,Rural,Graduate,Female,Private,1
APP-1079,12805,4000,Salaried,61,Single,0,784,3,0.32,61839,111746,78879,120,Business,Semi-Urban,Graduate,Female,Private,1
APP-1080,5843,0,Salaried,27,Single,4,755,3,0.55,50063,26191,77592,360,Home,Urban,Undergraduate,Female,Private,0
APP-1081,9989,5000,Business,61,Married,1,699,1,0.16,79343,94631,94728,360,Home,Semi-Urban,Undergraduate,Male,Private,1
APP-1082,11692,1000,Salaried,33,Married,4,708,1,0.16,6492,20529,18584,180,Business,Urban,Graduate,Male,Govt,1
APP-1083,14990,2000,Business,38,Married,0,828,1,0.17,32357,42175,134555,240,Personal,Urban,Graduate,Female,Private,1
APP-1084,8873,2500,Salaried,57,Married,1,715,2,0.11,72838,27675,103302,120,Education,Semi-Urban,Postgraduate,Female,Govt,1
APP-1085,7675,2000,Salaried,33,Single,0,617,4,0.14,33314,184230,132408,12,Home,Semi-Urban,Graduate,Female,Self,1
APP-1086,2161,1500,Salaried,56,Married,0,637,2,0.43,49697,56798,28830,12,Home,Semi-Urban,Graduate,Male,Private,0
APP-1087,6297,1000,Self-Employed,51,Married,2,766,1,0.32,71283,80910,87066,120,Personal,Semi-Urban,Undergraduate,Female,Govt,1
APP-1088,12173,2500,Salaried,22,Married,0,550,1,0.48,60567,140400,13591,24,Home,Urban,Graduate,Male,Private,0
APP-1089,2995,0,Business,36,Married,1,684,2,0.6,48006,167048,103878,240,Business,Semi-Urban,Graduate,Male,Self,0
APP-1090,13534,5000,Self-Employed,29,Married,0,734,1,0.43,61011,88678,135407,12,Business,Semi-Urban,Graduate,Male,Private,1
APP-1091,14743,2000,Salaried,29,Single,1,689,2,0.13,11686,72821,126869,24,Business,Urban,Graduate,Male,Self,1
APP-1092,9629,0,Business,58,Single,2,655,1,0.15,38449,22204,31395,240,Home,Rural,Graduate,Female,Private,1
APP-1093,13990,2000,Self-Employed,31,Married,1,682,0,0.54,62606,196737,26738,120,Personal,Semi-Urban,Graduate,Female,Govt,1
APP-1094,11467,1500,Self-Employed,42,Married,2,657,0,0.36,19891,17394,143703,24,Home,Semi-Urban,Graduate,Female,Private,1
APP-1095,3016,2000,Salaried,53,Married,2,727,1,0.51,53115,74814,29056,24,Home,Rural,Postgraduate,Female,Private,0
APP-1096,9869,2500,Salaried,56,Single,3,847,0,0.53,61719,43593,131656,180,Home,Rural,Graduate,Male,Private,1
APP-1097,8439,0,Salaried,43,Married,1,695,0,0.56,74030,183036,125316,60,Home,Rural,Graduate,Female,Private,0
APP-1098,9892,1500,Salaried,54,Married,2,623,1,0.57,37723,125064,64418,60,Business,Urban,Postgraduate,Male,Private,0
APP-1099,8863,4000,Salaried,29,Married,4,657,0,0.38,30877,63365,47190,240,Home,Urban,Undergraduate,Female,Private,0
APP-1100,9916,0,Self-Employed,44,Married,2,671,0,0.27,15026,141515,36014,180,Home,Urban,Graduate,Female,Private,1
APP-1101,10529,1500,Salaried,28,Married,1,566,2,0.58,21422,169252,135563,360,Business,Urban,Graduate,Female,Private,0
APP-1102,2878,0,Salaried,27,Married,2,745,4,0.37,10244,189863,11780,48,Home,Rural,Graduate,Male,Self,0
APP-1103,11268,1000,Business,56,Married,2,846,2,0.13,34481,184737,52192,48,Personal,Semi-Urban,Postgraduate,Female,Private,1
APP-1104,6887,1500,Business,38,Single,2,801,4,0.42,59031,113700,114875,24,Home,Urban,Graduate,Male,Private,1
APP-1105,14185,1500,Salaried,23,Married,0,668,1,0.39,9521,107077,109129,36,Home,Urban,Graduate,Male,Private,1
APP-1106,6859,0,Business,48,Single,0,711,0,0.55,2746,144537,53923,12,Business,Urban,Graduate,Female,Self,0
APP-1107,8331,2000,Salaried,26,Married,3,747,1,0.43,69232,78247,99196,12,Home,Semi-Urban,Graduate,Male,Private,1
APP-1108,10571,0,Salaried,64,Single,0,594,2,0.27,13012,192631,12395,180,Personal,Semi-Urban,Graduate,Female,Private,0
APP-1109,10684,0,Self-Employed,64,Single,2,728,0,0.58,24457,166270,112449,60,Home,Rural,Graduate,Male,Self,0
APP-1110,9208,0,Salaried,41,Married,1,593,0,0.5,71572,64740,131747,36,Home,Rural,Undergraduate,Male,Self,0
APP-1111,7276,0,Salaried,48,Single,1,820,2,0.42,30960,163560,81028,180,Home,Urban,Postgraduate,Female,Private,1
APP-1112,4062,1000,Salaried,60,Married,0,627,0,0.25,8910,179587,148183,24,Home,Urban,Graduate,Male,Private,0
APP-1113,14076,2000,Salaried,21,Single,0,727,1,0.29,3693,37898,103176,36,Home,Urban,Graduate,Male,Private,1
APP-1114,2064,2500,Salaried,56,Married,4,552,0,0.43,16858,142991,36924,12,Personal,Urban,Graduate,Male,Private,0
APP-1115,10006,0,Salaried,41,Married,3,763,1,0.14,29810,191142,42577,240,Education,Rural,Graduate,Male,Self,1
APP-1116,4568,3000,Self-Employed,63,Married,2,623,1,0.23,21092,72613,148783,24,Home,Semi-Urban,Undergraduate,Female,Self,0
APP-1117,7463,2000,Self-Employed,55,Single,1,600,0,0.46,49700,106707,95548,180,Education,Semi-Urban,Undergraduate,Male,Govt,0
APP-1118,4027,1000,Salaried,33,Married,2,616,0,0.34,59105,121777,135093,360,Business,Semi-Urban,Graduate,Female,Private,0
APP-1119,4695,4000,Salaried,30,Married,2,642,1,0.3,31505,57003,145168,120,Business,Urban,Graduate,Female,Private,0
APP-1120,11687,5000,Salaried,64,Single,1,725,2,0.18,74228,58478,76555,24,Personal,Urban,Graduate,Male,Self,1
APP-1121,7258,0,Salaried,30,Single,0,694,3,0.32,29555,155506,99848,24,Business,Semi-Urban,Postgraduate,Female,Private,0
APP-1122,7618,0,Self-Employed,33,Married,2,556,1,0.49,72934,187318,18254,360,Home,Semi-Urban,Postgraduate,Female,Private,0
APP-1123,8736,4000,Salaried,57,Married,2,818,2,0.23,73788,177721,135410,240,Home,Urban,Undergraduate,Male,Govt,1
APP-1124,2391,2000,Salaried,58,Married,4,553,0,0.1,78257,69030,147037,360,Personal,Semi-Urban,Postgraduate,Male,Private,0
APP-1125,14706,0,Self-Employed,44,Married,0,687,0,0.43,18939,194133,113025,48,Personal,Rural,Graduate,Male,Govt,1
APP-1126,14666,2500,Self-Employed,22,Married,2,780,0,0.59,12825,143071,140509,48,Education,Semi-Urban,Postgraduate,Female,Self,1
APP-1127,7892,2500,Self-Employed,42,Single,1,637,1,0.4,25151,155921,42963,24,Education,Semi-Urban,Postgraduate,Female,Private,0
APP-1128,5561,2500,Salaried,37,Married,1,566,0,0.16,1036,62800,13273,12,Business,Semi-Urban,Postgraduate,Male,Private,0
APP-1129,12470,2500,Salaried,56,Single,0,601,0,0.26,40051,15445,25330,48,Business,Semi-Urban,Graduate,Female,Private,1
APP-1130,8184,2500,Salaried,34,Married,1,683,1,0.53,74596,159112,86422,240,Education,Rural,Postgraduate,Female,Self,0
APP-1131,5099,0,Salaried,30,Married,1,760,2,0.22,61071,10246,132089,24,Personal,Rural,Postgraduate,Female,Private,1
APP-1132,8278,0,Self-Employed,55,Married,1,768,0,0.4,74601,41153,13212,240,Home,Urban,Postgraduate,Female,Govt,1
APP-1133,10392,2000,Self-Employed,45,Married,2,754,0,0.3,30873,15212,97594,12,Home,Semi-Urban,Postgraduate,Male,Self,1
APP-1134,5104,4000,Self-Employed,23,Single,2,760,1,0.2,37648,144411,142152,12,Home,Urban,Postgraduate,Female,Self,1
APP-1135,9215,0,Self-Employed,58,Single,1,826,1,0.51,72468,66238,42675,48,Education,Urban,Postgraduate,Female,Self,1
APP-1136,14790,1500,Salaried,37,Married,3,573,1,0.47,27470,160466,32007,180,Home,Semi-Urban,Postgraduate,Female,Govt,0
APP-1137,4454,2000,Self-Employed,32,Single,1,553,0,0.43,66129,63871,123805,360,Business,Rural,Postgraduate,Male,Govt,0
APP-1138,13837,1000,Salaried,44,Single,0,701,1,0.22,9328,110672,92641,60,Home,Urban,Graduate,Male,Govt,1
APP-1139,10996,2000,Salaried,49,Married,2,808,3,0.15,7333,44607,105815,24,Personal,Urban,Graduate,Male,Govt,1
APP-1140,4731,3000,Salaried,63,Single,0,717,0,0.39,47638,62055,56815,180,Home,Urban,Graduate,Male,Private,0
APP-1141,12965,2000,Salaried,45,Married,1,725,4,0.38,12268,114509,93482,24,Home,Semi-Urban,Postgraduate,Female,Govt,1
APP-1142,10154,1500,Salaried,56,Married,0,840,0,0.19,71603,145467,10639,360,Business,Urban,Postgraduate,Male,Private,1
APP-1143,11762,1000,Business,46,Single,0,605,0,0.13,18045,137378,73593,360,Personal,Urban,Undergraduate,Female,Private,1
APP-1144,7056,1500,Salaried,58,Married,3,657,1,0.14,41741,156362,88038,36,Business,Semi-Urban,Graduate,Female,Private,1
APP-1145,10110,0,Salaried,21,Married,0,845,0,0.6,43770,97687,103899,240,Business,Urban,Graduate,Female,Self,1
APP-1146,12882,0,Salaried,40,Single,1,690,0,0.49,8887,75078,13736,48,Home,Semi-Urban,Graduate,Male,Govt,0
APP-1147,5840,1500,Self-Employed,48,Married,0,704,1,0.56,25918,144763,26473,36,Home,Rural,Graduate,Female,Private,0
APP-1148,3028,0,Salaried,36,Married,2,811,2,0.2,36497,148542,138771,12,Business,Urban,Postgraduate,Female,Private,1
APP-1149,9385,0,Self-Employed,37,Single,1,822,3,0.58,62009,144913,135801,60,Business,Semi-Urban,Graduate,Female,Govt,1
APP-1150,2502,1500,Salaried,60,Married,2,781,1,0.17,12929,112652,117598,48,Personal,Semi-Urban,Postgraduate,Male,Private,1
APP-1151,8910,1000,Self-Employed,48,Married,1,790,0,0.35,62762,73197,96623,12,Personal,Semi-Urban,Postgraduate,Male,Private,1
APP-1152,14685,0,Salaried,32,Single,0,807,1,0.51,29546,65773,46820,240,Personal,Semi-Urban,Graduate,Male,Private,1
APP-1153,11062,2000,Self-Employed,47,Married,1,798,1,0.27,79424,158848,67589,240,Home,Urban,Undergraduate,Male,Self,1
APP-1154,8938,2000,Self-Employed,62,Married,0,626,2,0.31,38338,128943,28414,240,Personal,Rural,Graduate,Male,Private,0
APP-1155,6488,0,Salaried,50,Single,1,729,2,0.16,35283,37584,137378,36,Business,Rural,Graduate,Male,Govt,1
APP-1156,2206,3000,Salaried,61,Single,1,615,3,0.16,79170,145372,34220,120,Personal,Urban,Undergraduate,Female,Private,0
APP-1157,7134,1000,Salaried,54,Married,3,720,1,0.41,47566,13338,70531,180,Home,Urban,Undergraduate,Male,Govt,0
APP-1158,7977,2000,Salaried,57,Single,0,571,1,0.44,29013,72601,120002,360,Home,Urban,Graduate,Male,Private,0
APP-1159,9721,1500,Salaried,26,Single,2,656,0,0.49,53132,146559,19387,60,Home,Urban,Graduate,Female,Private,0
APP-1160,9035,5000,Self-Employed,27,Married,0,776,4,0.38,29084,46282,86815,360,Home,Semi-Urban,Graduate,Male,Govt,1
APP-1161,3484,2500,Salaried,52,Married,1,765,0,0.42,22143,125447,37584,120,Business,Urban,Graduate,Female,Self,0
APP-1162,9858,2000,Salaried,52,Married,1,618,0,0.11,15179,105798,54783,48,Home,Urban,Undergraduate,Male,Self,1
APP-1163,2863,2500,Salaried,45,Single,3,633,0,0.18,59726,140963,134494,12,Home,Rural,Postgraduate,Male,Self,0
APP-1164,4790,0,Salaried,53,Married,0,652,2,0.59,11222,118611,125814,12,Home,Urban,Graduate,Male,Private,0
APP-1165,9408,0,Business,27,Married,0,588,1,0.14,60965,169876,140752,60,Personal,Rural,Undergraduate,Female,Private,0
APP-1166,10755,2000,Salaried,32,Single,1,562,1,0.44,65068,150987,83588,36,Education,Semi-Urban,Graduate,Male,Self,0
APP-1167,7116,1000,Self-Employed,36,Single,0,846,4,0.19,24949,21158,23580,60,Home,Urban,Graduate,Female,Private,1
APP-1168,14383,2500,Self-Employed,36,Married,0,730,3,0.46,17116,20547,28240,60,Home,Semi-Urban,Undergraduate,Male,Self,1
APP-1169,8019,0,Self-Employed,63,Married,1,817,0,0.45,52052,98713,93446,12,Home,Semi-Urban,Undergraduate,Male,Govt,1
APP-1170,3757,1500,Business,56,Married,0,562,0,0.22,52369,12459,114533,240,Education,Urban,Undergraduate,Female,Govt,0
APP-1171,9574,0,Salaried,33,Married,0,669,2,0.23,49817,169840,90974,60,Home,Urban,Postgraduate,Male,Private,1
APP-1172,8374,1000,Business,27,Single,2,606,3,0.43,75311,73146,83401,60,Business,Semi-Urban,Postgraduate,Female,Private,0
APP-1173,8892,2000,Salaried,56,Single,1,589,1,0.3,30655,113577,13646,360,Education,Rural,Graduate,Male,Private,0
APP-1174,3678,1500,Salaried,29,Married,0,677,1,0.2,58802,191942,52816,240,Home,Semi-Urban,Postgraduate,Male,Self,0
APP-1175,5242,1500,Self-Employed,52,Married,0,722,0,0.47,48632,117761,99460,12,Personal,Urban,Undergraduate,Female,Govt,0
APP-1176,6636,1000,Business,31,Single,2,584,2,0.18,15193,113727,54112,36,Home,Semi-Urban,Graduate,Female,Govt,0
APP-1177,3059,1000,Self-Employed,28,Married,0,808,1,0.53,31776,60460,61048,180,Personal,Semi-Urban,Postgraduate,Male,Self,0
APP-1178,8668,2500,Salaried,53,Married,1,554,1,0.36,44225,92970,142850,12,Home,Semi-Urban,Graduate,Female,Govt,0
APP-1179,11914,0,Salaried,43,Married,0,767,0,0.15,61010,179319,55752,12,Personal,Semi-Urban,Graduate,Male,Private,1
APP-1180,13506,1500,Business,45,Married,1,560,3,0.45,66451,25419,80726,60,Personal,Semi-Urban,Postgraduate,Female,Private,0
APP-1181,5157,1500,Salaried,28,Single,1,666,1,0.36,49812,45577,54788,360,Business,Rural,Graduate,Female,Govt,0
APP-1182,7915,2000,Self-Employed,42,Married,2,733,0,0.25,19895,12921,14747,120,Home,Semi-Urban,Postgraduate,Male,Private,1
APP-1183,12817,1500,Self-Employed,24,Married,3,665,1,0.31,66782,145748,10045,24,Home,Semi-Urban,Graduate,Male,Private,1
APP-1184,12921,2500,Salaried,60,Married,2,711,1,0.25,22209,190756,17758,360,Education,Urban,Undergraduate,Male,Self,1
APP-1185,11789,5000,Salaried,23,Single,0,616,1,0.23,62807,154535,135076,120,Business,Rural,Graduate,Male,Private,1
APP-1186,13252,0,Salaried,49,Married,0,749,2,0.18,24086,166546,66950,60,Business,Rural,Graduate,Male,Private,1
APP-1187,4693,0,Salaried,61,Married,1,580,1,0.28,28207,50935,29455,60,Home,Urban,Graduate,Female,Private,0
APP-1188,5627,1000,Business,49,Married,0,624,3,0.23,21897,135534,98552,36,Home,Semi-Urban,Undergraduate,Female,Private,0
APP-1189,11555,0,Salaried,54,Married,0,786,0,0.44,64083,199668,56116,120,Education,Urban,Postgraduate,Male,Govt,1
APP-1190,12173,2000,Business,54,Married,2,615,0,0.44,67957,82828,130461,48,Home,Rural,Postgraduate,Male,Private,0
APP-1191,7450,4000,Salaried,48,Married,1,619,0,0.35,79506,133649,50484,24,Home,Semi-Urban,Graduate,Male,Govt,0
APP-1192,3663,0,Business,33,Married,1,846,1,0.49,8283,99062,91638,36,Home,Urban,Graduate,Female,Govt,1
APP-1193,11721,0,Salaried,35,Married,1,569,1,0.52,1255,65152,144476,360,Personal,Rural,Graduate,Male,Private,0
APP-1194,12230,0,Salaried,43,Single,1,775,3,0.39,77555,106491,110647,360,Business,Urban,Postgraduate,Male,Private,1
APP-1195,7592,2000,Salaried,64,Married,0,748,2,0.41,16487,96569,75642,120,Business,Rural,Graduate,Male,Govt,1
APP-1196,13494,1500,Self-Employed,46,Married,3,588,1,0.24,20346,82467,56009,360,Home,Semi-Urban,Undergraduate,Male,Private,1
APP-1197,12429,0,Self-Employed,24,Married,0,694,4,0.55,36050,193648,138824,48,Personal,Urban,Postgraduate,Male,Private,0
APP-1198,9392,4000,Self-Employed,46,Single,2,594,0,0.11,9744,166844,39605,60,Business,Urban,Graduate,Male,Govt,1
APP-1199,3306,2500,Salaried,60,Married,2,640,2,0.27,25756,157435,120879,120,Home,Urban,Graduate,Male,Self,0
APP-1200,14221,0,Salaried,29,Single,2,787,1,0.46,62596,169562,130827,360,Personal,Semi-Urban,Postgraduate,Male,Govt,1
APP-1201,8776,2000,Salaried,25,Single,1,619,1,0.14,26146,132537,15580,60,Education,Semi-Urban,Graduate,Male,Self,1
APP-1202,12867,2500,Salaried,52,Married,0,715,2,0.19,56032,63806,124902,240,Home,Urban,Graduate,Male,Govt,1
APP-1203,7864,0,Salaried,40,Single,1,679,1,0.39,43687,141332,15400,12,Education,Urban,Graduate,Male,Self,0
APP-1204,11474,0,Business,31,Married,2,763,0,0.38,47103,85992,106032,60,Home,Urban,Postgraduate,Female,Govt,1
APP-1205,9526,0,Business,35,Married,1,638,1,0.47,22976,32320,137319,12,Personal,Semi-Urban,Postgraduate,Female,Private,0
APP-1206,10901,0,Business,52,Single,3,801,1,0.51,63863,88971,116960,120,Home,Semi-Urban,Graduate,Male,Private,1
APP-1207,7575,2500,Self-Employed,48,Single,1,621,2,0.16,1591,183217,49015,180,Home,Urban,Graduate,Male,Private,1
APP-1208,7530,4000,Salaried,42,Married,0,714,1,0.11,7277,58581,81713,60,Home,Semi-Urban,Graduate,Female,Private,1
APP-1209,14936,0,Salaried,61,Married,0,598,3,0.44,62860,103645,98754,12,Business,Urban,Postgraduate,Male,Govt,0
APP-1210,6413,0,Salaried,37,Married,1,601,1,0.25,3260,30754,53148,120,Education,Rural,Graduate,Male,Private,0
APP-1211,5748,0,Self-Employed,46,Single,1,838,1,0.41,66883,79837,132790,60,Personal,Rural,Graduate,Male,Govt,1
APP-1212,14971,0,Salaried,64,Married,2,827,2,0.18,25741,148279,96078,120,Personal,Semi-Urban,Undergraduate,Female,Self,1
APP-1213,2663,2500,Salaried,27,Married,2,663,1,0.33,38211,168992,66879,180,Education,Rural,Undergraduate,Female,Govt,0
APP-1214,3998,0,Salaried,62,Married,3,788,4,0.35,42542,133746,129894,180,Home,Rural,Undergraduate,Male,Private,1
APP-1215,9994,0,Salaried,46,Married,3,682,1,0.39,7869,124780,75839,24,Personal,Rural,Undergraduate,Male,Private,0
APP-1216,13637,0,Business,45,Single,3,823,1,0.36,65732,97081,39756,36,Home,Semi-Urban,Graduate,Female,Private,1
APP-1217,13935,2000,Self-Employed,30,Married,0,715,0,0.35,20422,34016,102943,120,Home,Urban,Graduate,Female,Govt,1
APP-1218,3495,0,Salaried,39,Single,2,842,1,0.27,36613,70522,46744,36,Personal,Urban,Graduate,Female,Private,1
APP-1219,5304,2000,Business,31,Married,0,792,0,0.14,58016,130896,134697,24,Home,Urban,Graduate,Male,Private,1
APP-1220,5763,0,Self-Employed,33,Single,0,687,2,0.14,61110,195140,126072,48,Home,Semi-Urban,Undergraduate,Male,Self,1
APP-1221,7232,2500,Salaried,28,Married,2,628,0,0.32,78922,122099,143196,60,Education,Urban,Postgraduate,Female,Private,0
APP-1222,3853,2000,Salaried,60,Married,1,719,0,0.28,35033,161174,17176,360,Education,Urban,Postgraduate,Male,Private,0
APP-1223,8585,0,Salaried,24,Married,0,672,0,0.36,46213,114429,101310,36,Personal,Semi-Urban,Graduate,Male,Private,0
APP-1224,14851,1000,Salaried,51,Married,0,725,0,0.25,62993,11924,55177,36,Personal,Urban,Undergraduate,Male,Private,1
APP-1225,3291,3000,Business,48,Married,0,849,0,0.44,13938,95015,120623,120,Personal,Semi-Urban,Undergraduate,Female,Private,1
APP-1226,5581,4000,Salaried,31,Single,3,631,3,0.53,77695,114987,10997,60,Personal,Rural,Graduate,Female,Private,0
APP-1227,13649,1000,Business,63,Single,0,636,2,0.25,3274,64333,130179,120,Home,Semi-Urban,Undergraduate,Male,Private,1
APP-1228,9554,1000,Salaried,21,Married,0,774,2,0.2,32815,187171,130403,180,Home,Semi-Urban,Graduate,Female,Private,1
APP-1229,9280,4000,Salaried,58,Married,1,565,2,0.16,77018,198418,105287,36,Education,Semi-Urban,Graduate,Male,Private,1
APP-1230,3636,1500,Salaried,44,Married,1,712,0,0.41,19961,136372,129574,60,Home,Semi-Urban,Postgraduate,Female,Self,0
APP-1231,5696,0,Salaried,51,Married,3,647,3,0.32,21044,191134,131509,240,Business,Urban,Postgraduate,Male,Private,0
APP-1232,13191,4000,Salaried,61,Single,0,705,0,0.19,22975,141378,95447,48,Business,Rural,Graduate,Male,Private,1
APP-1233,13344,0,Business,46,Single,1,551,0,0.43,15706,98495,119522,24,Home,Urban,Graduate,Male,Private,0
APP-1234,2698,1500,Salaried,25,Married,2,718,1,0.17,6974,79767,91144,48,Home,Urban,Undergraduate,Male,Private,1
APP-1235,12352,0,Self-Employed,40,Married,3,641,0,0.38,77464,114332,102693,24,Home,Rural,Postgraduate,Male,Govt,0
APP-1236,14289,0,Salaried,61,Married,2,730,2,0.36,22213,153279,104315,36,Home,Urban,Postgraduate,Male,Govt,1
APP-1237,6737,0,Salaried,31,Single,3,780,0,0.47,2950,49426,37387,48,Home,Urban,Graduate,Female,Govt,0
APP-1238,2854,2500,Salaried,53,Married,0,697,2,0.13,11411,16336,14090,48,Education,Urban,Graduate,Male,Private,1
APP-1239,10164,0,Salaried,58,Single,1,829,1,0.54,47156,122200,130846,360,Business,Urban,Graduate,Male,Self,1
APP-1240,7855,0,Salaried,47,Single,1,738,0,0.45,63744,27256,50239,120,Personal,Urban,Graduate,Male,Private,0
APP-1241,9392,0,Salaried,54,Married,3,677,2,0.21,18771,190889,13743,360,Home,Urban,Graduate,Male,Private,1
APP-1242,8528,1500,Salaried,35,Single,0,556,0,0.19,70810,43719,40924,48,Home,Semi-Urban,Graduate,Male,Self,0
APP-1243,13666,5000,Salaried,52,Married,0,596,1,0.32,36053,52017,140160,360,Education,Rural,Postgraduate,Female,Self,1
APP-1244,7249,1000,Salaried,41,Single,1,602,0,0.51,53076,55704,101815,360,Business,Urban,Graduate,Male,Private,0
APP-1245,7172,1500,Salaried,25,Married,0,736,1,0.52,8045,40013,115312,120,Business,Rural,Undergraduate,Female,Private,0
APP-1246,3707,3000,Business,26,Married,0,587,1,0.36,58623,89991,78860,60,Business,Urban,Graduate,Female,Govt,0
APP-1247,12969,1500,Self-Employed,58,Single,4,775,0,0.53,30714,80258,90399,36,Education,Urban,Graduate,Male,Govt,1
APP-1248,7791,0,Salaried,42,Single,1,602,4,0.1,35386,88348,58795,60,Personal,Urban,Graduate,Male,Govt,0
APP-1249,11925,0,Salaried,38,Single,2,773,3,0.12,9562,177848,61553,36,Home,Semi-Urban,Graduate,Female,Private,1
APP-1250,7535,0,Business,34,Married,2,703,2,0.56,56048,20060,113976,60,Personal,Semi-Urban,Graduate,Male,Private,0
APP-1251,6931,0,Self-Employed,30,Single,1,597,2,0.49,13026,147727,123566,60,Home,Semi-Urban,Undergraduate,Male,Govt,0
APP-1252,5510,1000,Salaried,33,Married,0,696,0,0.33,32589,59923,129968,24,Education,Rural,Postgraduate,Female,Govt,0
APP-1253,2202,2500,Business,51,Single,0,613,1,0.48,27844,88563,71600,360,Personal,Semi-Urban,Graduate,Male,Govt,0
APP-1254,13447,0,Salaried,50,Married,1,731,0,0.58,24447,145102,60022,180,Home,Semi-Urban,Graduate,Male,Private,1
APP-1255,6218,1000,Salaried,23,Single,2,674,0,0.49,78502,99779,144271,120,Home,Rural,Postgraduate,Female,Private,0
APP-1256,14688,2000,Self-Employed,50,Single,1,728,4,0.52,55708,174361,60897,60,Home,Urban,Postgraduate,Male,Private,1
APP-1257,10958,0,Salaried,26,Single,0,588,1,0.48,64925,160811,48038,48,Home,Urban,Graduate,Male,Private,0
APP-1258,6389,2500,Business,49,Married,1,809,1,0.18,71825,109704,133323,240,Home,Semi-Urban,Postgraduate,Female,Private,1
APP-1259,4327,1500,Self-Employed,28,Married,3,552,0,0.52,52574,139157,130278,24,Home,Semi-Urban,Undergraduate,Female,Govt,0
APP-1260,10004,0,Salaried,64,Single,3,613,1,0.2,19812,120234,121054,240,Home,Urban,Postgraduate,Male,Govt,0
APP-1261,4931,2000,Salaried,63,Married,3,578,0,0.55,56309,71687,17897,12,Home,Urban,Undergraduate,Male,Self,0
APP-1262,9777,1500,Salaried,64,Single,2,560,0,0.33,65230,46491,74541,12,Business,Semi-Urban,Undergraduate,Female,Self,0
APP-1263,2197,1500,Salaried,53,Married,1,646,0,0.44,42628,82115,116968,36,Home,Semi-Urban,Undergraduate,Female,Private,0
APP-1264,9125,1000,Self-Employed,37,Married,2,752,1,0.35,41581,127935,24892,60,Home,Urban,Graduate,Male,Self,1
APP-1265,3930,1000,Salaried,31,Single,0,570,1,0.15,47628,93778,149343,120,Education,Rural,Postgraduate,Male,Private,0
APP-1266,13774,2500,Salaried,33,Married,2,588,0,0.25,26105,145853,34815,48,Business,Rural,Postgraduate,Male,Govt,1
APP-1267,8287,0,Self-Employed,31,Married,2,772,2,0.59,70157,30448,55612,180,Personal,Semi-Urban,Postgraduate,Female,Self,0
APP-1268,10800,0,Salaried,51,Married,0,651,0,0.58,33442,61550,26267,180,Home,Semi-Urban,Undergraduate,Female,Govt,0
APP-1269,13464,0,Self-Employed,48,Married,2,595,1,0.26,3347,59294,28268,24,Personal,Rural,Graduate,Female,Private,0
APP-1270,11339,2500,Salaried,64,Single,3,615,4,0.6,48650,31446,124463,24,Personal,Urban,Graduate,Female,Private,0
APP-1271,6282,0,Business,26,Married,0,640,1,0.52,18110,86579,105347,24,Personal,Urban,Graduate,Male,Private,0
APP-1272,13589,3000,Salaried,61,Single,3,713,3,0.41,63170,124679,104542,24,Personal,Semi-Urban,Graduate,Male,Private,1
APP-1273,4511,1500,Salaried,36,Single,0,660,3,0.12,5923,95615,76612,360,Business,Rural,Graduate,Female,Private,1
APP-1274,11986,2500,Salaried,24,Married,1,672,1,0.55,52801,27101,148307,60,Business,Urban,Postgraduate,Female,Private,0
APP-1275,2659,5000,Salaried,55,Single,1,742,2,0.38,63771,38016,98757,240,Personal,Rural,Graduate,Male,Private,1
APP-1276,4811,2500,Self-Employed,46,Married,1,648,3,0.53,49135,160004,108075,60,Education,Semi-Urban,Postgraduate,Male,Private,0
APP-1277,9098,3000,Self-Employed,32,Married,3,840,0,0.52,20199,185725,44609,60,Personal,Urban,Postgraduate,Female,Self,1
APP-1278,8546,1000,Self-Employed,31,Single,3,708,0,0.52,10066,100481,112785,12,Business,Urban,Graduate,Male,Private,0
APP-1279,11561,1500,Salaried,57,Married,2,652,3,0.45,53136,62802,33645,120,Home,Urban,Graduate,Male,Private,0
APP-1280,3986,0,Salaried,45,Married,0,830,2,0.25,37575,17549,72233,48,Business,Rural,Postgraduate,Female,Govt,1
APP-1281,10338,0,Salaried,38,Married,3,592,0,0.27,47733,166434,121443,36,Home,Rural,Postgraduate,Female,Self,0
APP-1282,13411,1500,Salaried,39,Married,0,633,1,0.25,17991,57842,17771,120,Education,Semi-Urban,Undergraduate,Male,Govt,1
APP-1283,4911,1500,Business,43,Married,3,740,2,0.11,23553,56539,112601,24,Business,Rural,Undergraduate,Female,Govt,1
APP-1284,3734,0,Salaried,58,Single,1,600,1,0.39,1634,43717,143014,240,Home,Rural,Undergraduate,Male,Private,0
APP-1285,3843,1500,Salaried,38,Married,0,759,1,0.45,13771,195668,135224,12,Education,Semi-Urban,Postgraduate,Male,Self,0
APP-1286,10680,3000,Salaried,46,Married,2,675,2,0.53,19298,164088,93251,360,Home,Semi-Urban,Undergraduate,Male,Govt,0
APP-1287,4976,1500,Self-Employed,26,Married,0,618,1,0.17,36999,196272,67042,240,Home,Semi-Urban,Undergraduate,Female,Govt,0
APP-1288,3959,2000,Self-Employed,24,Married,0,814,1,0.37,72887,125042,63740,12,Home,Semi-Urban,Undergraduate,Female,Private,1
APP-1289,7759,2500,Business,64,Married,1,807,2,0.1,60648,137922,57024,360,Home,Urban,Graduate,Female,Private,1
APP-1290,8694,5000,Salaried,49,Married,0,737,2,0.15,63668,102447,66965,24,Home,Semi-Urban,Undergraduate,Female,Private,1
APP-1291,4385,2000,Salaried,54,Married,0,779,1,0.13,70374,93402,20057,36,Business,Urban,Graduate,Male,Private,1
APP-1292,13111,2500,Business,37,Married,0,738,0,0.46,68509,52607,18983,24,Business,Rural,Postgraduate,Male,Private,1
APP-1293,6736,5000,Self-Employed,63,Married,1,559,1,0.14,76783,168693,140469,240,Home,Rural,Graduate,Male,Govt,0
APP-1294,3802,4000,Salaried,63,Married,0,663,4,0.46,45440,22823,29995,24,Personal,Urban,Graduate,Male,Govt,0
APP-1295,10155,0,Self-Employed,36,Single,2,625,0,0.22,32655,39986,124587,24,Home,Urban,Graduate,Female,Self,0
APP-1296,10120,1000,Self-Employed,22,Single,0,713,0,0.54,44039,131682,48886,12,Home,Semi-Urban,Graduate,Female,Self,0
APP-1297,8616,0,Self-Employed,54,Married,3,634,1,0.51,56255,74325,99025,180,Home,Semi-Urban,Graduate,Female,Govt,0
APP-1298,7534,0,Self-Employed,28,Single,3,598,2,0.58,73219,137925,105149,24,Business,Urban,Undergraduate,Male,Govt,0
APP-1299,6061,2000,Salaried,33,Single,0,726,0,0.54,55989,67771,104020,60,Business,Semi-Urban,Graduate,Male,Govt,0
APP-1300,13561,2000,Salaried,62,Married,2,767,0,0.57,12244,64973,12673,60,Home,Urban,Graduate,Male,Private,1
APP-1301,2262,2500,Salaried,28,Married,3,738,0,0.53,59595,155762,87513,36,Home,Urban,Graduate,Male,Private,0
APP-1302,8287,0,Self-Employed,50,Single,4,779,2,0.45,40551,49107,33466,36,Home,Urban,Postgraduate,Male,Private,1
APP-1303,10815,3000,Self-Employed,52,Single,1,804,0,0.19,64230,67888,102545,36,Education,Urban,Graduate,Male,Private,1
APP-1304,11208,2000,Self-Employed,56,Married,0,785,0,0.24,29371,20956,60406,120,Personal,Rural,Graduate,Male,Private,1
APP-1305,13835,2000,Salaried,50,Single,2,575,1,0.21,70358,96839,144760,48,Home,Rural,Graduate,Male,Self,1
APP-1306,4049,4000,Self-Employed,21,Married,2,621,3,0.4,29878,197299,79284,36,Personal,Semi-Urban,Postgraduate,Male,Govt,0
APP-1307,7423,2000,Self-Employed,63,Single,2,810,1,0.35,37157,177605,124579,24,Home,Semi-Urban,Graduate,Male,Govt,1
APP-1308,13915,0,Self-Employed,59,Single,1,803,0,0.53,6914,197306,23665,36,Business,Urban,Graduate,Male,Govt,1
APP-1309,6548,2500,Self-Employed,37,Married,3,820,1,0.58,28180,111131,30641,48,Personal,Semi-Urban,Graduate,Male,Self,1
APP-1310,5108,0,Self-Employed,40,Single,4,672,4,0.3,4688,77594,45797,120,Education,Urban,Undergraduate,Male,Private,0
APP-1311,14282,0,Salaried,44,Married,0,693,1,0.35,79616,197973,55950,48,Personal,Semi-Urban,Graduate,Male,Private,1
APP-1312,9158,2500,Salaried,42,Single,0,806,4,0.59,10916,21519,139554,240,Business,Rural,Postgraduate,Male,Govt,1
APP-1313,12248,0,Salaried,49,Single,0,693,2,0.24,57363,172187,112339,36,Home,Urban,Graduate,Male,Private,1
APP-1314,9400,2500,Salaried,42,Married,3,808,0,0.5,28360,11832,123431,36,Home,Rural,Graduate,Male,Private,1
APP-1315,5170,0,Self-Employed,64,Married,2,596,1,0.21,38805,182440,31173,36,Business,Urban,Graduate,Female,Private,0
APP-1316,11874,3000,Self-Employed,29,Married,2,562,0,0.44,14453,123922,28095,240,Home,Urban,Graduate,Female,Private,0
APP-1317,4255,0,Salaried,57,Single,1,757,1,0.23,23703,115474,133554,48,Home,Urban,Graduate,Female,Govt,1
APP-1318,3154,5000,Salaried,30,Married,1,784,0,0.54,60021,79715,142511,12,Education,Urban,Graduate,Male,Private,0
APP-1319,6499,2500,Self-Employed,56,Single,1,698,0,0.38,75176,81835,135614,24,Business,Urban,Graduate,Male,Private,0
APP-1320,8295,0,Salaried,57,Married,1,704,3,0.19,8410,83366,146447,24,Personal,Urban,Postgraduate,Female,Private,1
APP-1321,8197,1500,Salaried,48,Married,2,715,0,0.21,49268,47570,99023,36,Business,Semi-Urban,Undergraduate,Male,Govt,1
APP-1322,13383,5000,Salaried,48,Married,4,639,3,0.35,35248,147687,117181,120,Education,Urban,Graduate,Female,Self,1
APP-1323,11888,1000,Salaried,62,Single,3,735,0,0.58,32159,48311,30600,240,Home,Semi-Urban,Postgraduate,Male,Private,0
APP-1324,14183,0,Salaried,63,Single,3,723,0,0.48,43039,100245,12466,12,Personal,Rural,Undergraduate,Male,Self,1
APP-1325,14915,1000,Salaried,41,Single,1,766,3,0.34,48800,113187,119934,360,Personal,Semi-Urban,Undergraduate,Female,Private,1
APP-1326,14874,1500,Salaried,44,Single,1,813,1,0.27,41761,33434,63276,12,Home,Urban,Graduate,Male,Self,1
APP-1327,3648,2000,Business,62,Single,2,646,2,0.37,44663,96879,16928,24,Home,Urban,Postgraduate,Male,Self,0
APP-1328,7539,2000,Salaried,60,Married,3,666,0,0.47,41412,25739,65309,36,Home,Rural,Graduate,Male,Private,0
APP-1329,11637,1000,Self-Employed,22,Married,0,748,1,0.49,36367,76202,126196,180,Personal,Semi-Urban,Postgraduate,Male,Self,1
APP-1330,6199,0,Salaried,28,Married,1,570,2,0.26,6813,108580,19404,360,Business,Semi-Urban,Graduate,Male,Private,0
APP-1331,14115,2000,Salaried,47,Single,0,749,1,0.46,60894,89599,123187,36,Personal,Urban,Graduate,Male,Private,1
APP-1332,10445,1000,Self-Employed,42,Single,2,797,1,0.43,52444,174721,120449,240,Business,Semi-Urban,Graduate,Female,Govt,1
APP-1333,13375,0,Salaried,57,Married,1,825,4,0.58,35269,188517,37684,360,Home,Urban,Graduate,Female,Private,1
APP-1334,4557,4000,Salaried,47,Single,1,813,1,0.57,62748,126770,78591,180,Business,Rural,Postgraduate,Male,Private,1
APP-1335,7592,2000,Salaried,49,Single,0,607,3,0.49,42190,49470,129821,48,Business,Rural,Graduate,Female,Private,0
APP-1336,2098,2000,Self-Employed,23,Married,1,580,2,0.46,41318,84965,12682,48,Home,Urban,Postgraduate,Male,Govt,0
APP-1337,4200,2500,Salaried,64,Married,3,798,2,0.24,38018,135332,121186,48,Business,Semi-Urban,Graduate,Male,Private,1
APP-1338,4961,1500,Salaried,33,Married,0,642,0,0.52,40759,189693,31832,120,Home,Urban,Graduate,Female,Govt,0
APP-1339,6973,2500,Self-Employed,30,Married,2,814,0,0.31,17498,139681,26997,48,Business,Semi-Urban,Postgraduate,Female,Private,1
APP-1340,6433,1000,Salaried,56,Single,2,820,3,0.24,26989,173998,44640,60,Business,Rural,Undergraduate,Female,Govt,1
APP-1341,13969,0,Self-Employed,29,Married,3,643,0,0.29,26568,124300,50491,360,Personal,Semi-Urban,Graduate,Male,Self,1
APP-1342,4869,1000,Self-Employed,47,Married,0,703,0,0.52,67577,47997,73043,180,Personal,Urban,Graduate,Male,Govt,0
APP-1343,13426,1000,Business,54,Single,4,834,0,0.17,31099,181796,122175,240,Home,Urban,Undergraduate,Female,Private,1
APP-1344,13983,2000,Salaried,21,Single,1,629,0,0.33,41639,107805,138568,60,Education,Rural,Graduate,Male,Self,1
APP-1345,2956,0,Self-Employed,52,Single,4,841,3,0.35,24482,172776,124250,60,Home,Semi-Urban,Undergraduate,Female,Private,1
APP-1346,14259,0,Salaried,45,Married,3,633,3,0.12,70212,132202,82725,180,Personal,Semi-Urban,Postgraduate,Male,Govt,1
APP-1347,10352,0,Salaried,49,Married,0,586,1,0.2,56261,169463,138131,240,Personal,Urban,Graduate,Female,Private,0
APP-1348,7699,0,Salaried,27,Single,0,781,0,0.51,31048,12526,55520,360,Business,Urban,Graduate,Male,Govt,0
APP-1349,8944,2000,Self-Employed,23,Married,0,642,2,0.52,4065,165758,72919,24,Home,Rural,Graduate,Male,Self,0
APP-1350,6493,0,Salaried,40,Married,1,651,1,0.25,3036,83339,119869,36,Business,Semi-Urban,Graduate,Male,Private,0
APP-1351,11492,2000,Salaried,40,Married,0,715,4,0.54,36814,16574,74442,24,Business,Semi-Urban,Undergraduate,Female,Private,1
APP-1352,6911,1000,Salaried,50,Married,0,708,1,0.49,60694,18733,115246,180,Personal,Semi-Urban,Postgraduate,Female,Private,0
APP-1353,5987,1500,Self-Employed,55,Married,1,563,0,0.31,17924,60290,119687,24,Home,Rural,Postgraduate,Male,Govt,0
APP-1354,11719,2500,Self-Employed,55,Married,0,774,1,0.47,61204,82793,133447,24,Home,Urban,Postgraduate,Female,Private,1
APP-1355,8015,1000,Self-Employed,59,Married,0,622,4,0.58,33844,46051,71477,24,Home,Urban,Graduate,Male,Self,0
APP-1356,3218,2500,Salaried,47,Married,1,798,1,0.33,22518,25909,10244,48,Personal,Semi-Urban,Postgraduate,Male,Self,1
APP-1357,6496,1000,Salaried,46,Married,0,640,1,0.22,18059,87338,89453,12,Personal,Semi-Urban,Graduate,Male,Private,0
APP-1358,6735,0,Self-Employed,34,Married,1,765,0,0.57,24052,83432,137962,24,Business,Semi-Urban,Postgraduate,Male,Private,0
APP-1359,13296,5000,Salaried,37,Single,1,639,2,0.4,70803,38133,81303,36,Home,Rural,Graduate,Male,Govt,1
APP-1360,12927,0,Salaried,38,Married,1,578,2,0.15,72524,192643,38390,180,Home,Urban,Postgraduate,Male,Private,1
APP-1361,6555,0,Self-Employed,49,Married,3,769,0,0.39,9680,89062,20247,12,Personal,Urban,Undergraduate,Female,Private,1
APP-1362,11146,2500,Business,40,Married,1,764,1,0.35,68021,191980,39583,120,Business,Rural,Graduate,Female,Private,1
APP-1363,10050,0,Self-Employed,47,Married,1,770,0,0.53,21043,152350,149148,36,Business,Semi-Urban,Graduate,Female,Self,1
APP-1364,14757,2500,Self-Employed,38,Married,1,591,0,0.37,3419,121546,145386,36,Business,Semi-Urban,Postgraduate,Male,Govt,1
APP-1365,5446,1000,Business,24,Married,3,684,0,0.23,57892,61458,38670,48,Education,Semi-Urban,Graduate,Female,Govt,0
APP-1366,3045,4000,Salaried,21,Single,3,591,0,0.44,18140,197854,134920,48,Personal,Semi-Urban,Postgraduate,Female,Govt,0
APP-1367,8893,2000,Salaried,21,Married,3,713,1,0.37,44484,65415,20236,180,Business,Urban,Undergraduate,Male,Govt,1
APP-1368,3693,2000,Business,46,Married,2,832,0,0.22,64869,64160,45568,36,Education,Rural,Graduate,Female,Govt,1
APP-1369,5436,4000,Salaried,40,Single,0,607,0,0.39,46210,64399,117327,240,Home,Rural,Graduate,Male,Private,0
APP-1370,10754,0,Self-Employed,43,Married,0,574,3,0.51,58600,35298,120188,240,Home,Semi-Urban,Postgraduate,Male,Private,0
APP-1371,12677,5000,Salaried,30,Married,0,622,1,0.11,79497,163263,26352,180,Home,Semi-Urban,Graduate,Male,Govt,1
APP-1372,7895,0,Salaried,31,Married,3,678,1,0.42,7487,198036,135721,24,Personal,Urban,Graduate,Male,Private,0
APP-1373,5354,1000,Self-Employed,61,Single,2,636,1,0.27,61692,174164,65904,60,Home,Urban,Undergraduate,Female,Govt,0
APP-1374,2225,0,Business,61,Married,2,702,1,0.25,63112,99407,132141,120,Home,Urban,Postgraduate,Male,Private,0
APP-1375,6893,1500,Self-Employed,25,Married,1,731,0,0.3,32110,72513,26108,48,Home,Urban,Graduate,Male,Private,1
APP-1376,9022,0,Salaried,21,Married,3,674,2,0.27,17360,61097,12853,60,Personal,Rural,Graduate,Female,Private,1
APP-1377,11151,2500,Business,37,Single,0,616,0,0.52,50410,171351,94156,360,Home,Rural,Postgraduate,Female,Self,0
APP-1378,7600,2500,Salaried,42,Married,0,555,1,0.24,74167,155476,14176,180,Personal,Semi-Urban,Postgraduate,Female,Govt,0
APP-1379,14740,5000,Salaried,54,Single,1,674,0,0.47,4017,45198,110459,24,Home,Semi-Urban,Undergraduate,Male,Private,1
APP-1380,13259,0,Salaried,61,Married,1,602,2,0.15,61124,59997,147901,12,Home,Urban,Graduate,Male,Self,1
APP-1381,9996,2000,Salaried,49,Single,1,615,1,0.58,51949,141639,133225,24,Education,Rural,Undergraduate,Female,Private,0
APP-1382,11007,1000,Salaried,24,Single,3,631,1,0.41,59268,12179,128458,36,Home,Urban,Postgraduate,Male,Private,0
APP-1383,14946,0,Business,25,Married,0,636,0,0.45,67320,12019,120893,24,Home,Urban,Postgraduate,Male,Private,0
APP-1384,9683,0,Self-Employed,31,Married,1,551,1,0.25,32127,91455,83927,36,Home,Semi-Urban,Postgraduate,Male,Private,0
APP-1385,6642,1000,Self-Employed,41,Married,1,753,4,0.31,4196,159776,128178,360,Business,Rural,Graduate,Male,Self,1
APP-1386,13312,2000,Salaried,55,Married,0,699,2,0.21,76088,159102,50667,48,Personal,Rural,Undergraduate,Male,Govt,1
APP-1387,9679,1500,Business,32,Single,3,842,0,0.57,42300,136883,16611,360,Home,Urban,Graduate,Male,Govt,1
APP-1388,10208,1000,Business,46,Married,2,652,0,0.34,50714,79445,98242,36,Home,Rural,Graduate,Male,Private,0
APP-1389,9339,0,Self-Employed,39,Married,2,573,3,0.42,32921,83551,94612,12,Business,Urban,Undergraduate,Male,Govt,0
APP-1390,11435,0,Salaried,27,Married,3,761,1,0.47,5746,13420,56902,60,Personal,Urban,Postgraduate,Male,Private,1
APP-1391,4205,0,Salaried,27,Single,2,614,1,0.29,69535,69875,43043,24,Education,Rural,Undergraduate,Male,Govt,0
APP-1392,12716,5000,Salaried,46,Married,0,758,3,0.46,66350,188725,146343,48,Personal,Rural,Postgraduate,Female,Govt,1
APP-1393,3069,0,Salaried,60,Married,2,800,3,0.44,51345,26740,82867,24,Personal,Semi-Urban,Graduate,Female,Govt,0
APP-1394,5444,0,Salaried,25,Married,1,666,1,0.45,50220,75263,87089,24,Personal,Semi-Urban,Undergraduate,Male,Self,0
APP-1395,12757,0,Business,41,Single,0,665,1,0.34,23063,115789,68745,36,Education,Rural,Graduate,Male,Govt,1
APP-1396,3060,2500,Salaried,34,Married,0,786,0,0.29,72736,29465,95970,60,Education,Rural,Undergraduate,Male,Govt,1
APP-1397,4327,5000,Salaried,24,Married,2,654,2,0.21,79946,192504,34464,48,Home,Rural,Graduate,Male,Govt,1
APP-1398,5420,2500,Salaried,43,Married,2,808,0,0.51,46971,14131,128523,24,Business,Semi-Urban,Undergraduate,Male,Self,1
APP-1399,2301,2000,Salaried,62,Married,0,595,0,0.4,4598,20652,30662,24,Personal,Rural,Graduate,Male,Private,0
APP-1400,14468,1500,Salaried,40,Married,2,765,0,0.32,11564,188219,28228,120,Home,Rural,Postgraduate,Female,Private,1
APP-1401,2606,0,Salaried,35,Single,3,573,0,0.57,50725,57671,70721,180,Business,Urban,Undergraduate,Female,Govt,0
APP-1402,5170,5000,Salaried,49,Single,0,584,1,0.12,60940,99342,148458,120,Business,Rural,Graduate,Male,Self,0
APP-1403,2699,2500,Self-Employed,28,Married,0,573,1,0.53,63085,29171,16862,180,Business,Semi-Urban,Postgraduate,Male,Private,0
APP-1404,7088,2000,Business,61,Single,2,577,1,0.6,18862,196764,50108,12,Business,Urban,Undergraduate,Female,Private,0
APP-1405,11331,2500,Salaried,39,Married,0,565,0,0.54,11265,68541,101788,120,Business,Semi-Urban,Postgraduate,Male,Private,0
APP-1406,2190,2000,Salaried,59,Single,2,608,3,0.51,10705,19470,90140,36,Home,Urban,Undergraduate,Female,Self,0
APP-1407,12492,2000,Self-Employed,48,Single,0,792,0,0.29,56279,54308,78578,12,Business,Semi-Urban,Graduate,Male,Private,1
APP-1408,2980,5000,Salaried,47,Married,1,756,2,0.22,63471,191711,59966,240,Business,Rural,Graduate,Female,Self,1
APP-1409,4975,4000,Salaried,24,Single,2,820,3,0.47,63979,162398,20386,48,Home,Urban,Graduate,Female,Self,1
APP-1410,8102,2000,Business,35,Married,2,798,1,0.25,56828,145669,87228,240,Home,Semi-Urban,Graduate,Female,Govt,1
APP-1411,3184,2000,Salaried,55,Married,3,816,1,0.19,47104,112840,82197,48,Business,Rural,Graduate,Male,Private,1
APP-1412,5327,0,Self-Employed,57,Married,3,742,3,0.49,41934,171860,53021,48,Home,Semi-Urban,Postgraduate,Male,Govt,0
APP-1413,5394,2000,Salaried,21,Married,2,767,0,0.26,7050,59477,128915,48,Business,Urban,Graduate,Male,Self,1
APP-1414,10319,0,Salaried,23,Single,2,664,1,0.56,44952,118261,127174,120,Home,Semi-Urban,Graduate,Female,Govt,0
APP-1415,12257,1500,Salaried,44,Single,0,617,1,0.52,9484,112466,96755,360,Home,Semi-Urban,Graduate,Male,Self,0
APP-1416,3816,5000,Self-Employed,47,Married,1,848,0,0.52,63648,43071,76330,60,Education,Semi-Urban,Undergraduate,Male,Private,1
APP-1417,7854,1500,Salaried,60,Single,0,624,2,0.49,60945,80560,82322,240,Home,Rural,Postgraduate,Male,Private,0
APP-1418,8709,1000,Salaried,56,Single,3,652,3,0.54,54678,198564,112318,240,Personal,Semi-Urban,Graduate,Male,Govt,0
APP-1419,2569,0,Self-Employed,54,Married,1,846,2,0.5,32323,172842,55313,48,Personal,Rural,Undergraduate,Male,Private,0
APP-1420,7442,0,Salaried,49,Married,1,727,0,0.4,36361,86762,37032,360,Home,Semi-Urban,Graduate,Male,Self,0
APP-1421,3895,2000,Salaried,44,Married,0,764,0,0.25,11315,176471,71710,360,Home,Urban,Undergraduate,Male,Govt,1
APP-1422,4733,0,Business,44,Single,2,588,1,0.54,48968,198511,105326,60,Home,Semi-Urban,Postgraduate,Male,Private,0
APP-1423,5863,0,Salaried,62,Single,3,808,0,0.52,27519,185487,96157,120,Home,Semi-Urban,Graduate,Female,Govt,0
APP-1424,14913,1000,Self-Employed,24,Married,1,753,1,0.34,10107,153641,38365,60,Personal,Semi-Urban,Postgraduate,Female,Private,1
APP-1425,9455,2500,Self-Employed,23,Single,3,556,1,0.12,56781,12369,23189,36,Education,Urban,Postgraduate,Female,Govt,0
APP-1426,6014,2000,Self-Employed,54,Married,0,598,1,0.42,4869,119963,17248,240,Home,Urban,Graduate,Male,Private,0
APP-1427,13093,0,Salaried,43,Married,1,575,1,0.13,28370,10528,14369,360,Education,Urban,Undergraduate,Female,Self,1
APP-1428,3686,1000,Business,43,Married,3,710,1,0.56,63695,118806,149122,48,Home,Urban,Graduate,Male,Private,0
APP-1429,5009,1500,Salaried,25,Married,1,725,0,0.58,61422,171386,38605,360,Home,Semi-Urban,Graduate,Male,Private,0
APP-1430,9806,2000,Self-Employed,51,Married,4,628,0,0.19,8971,112979,59616,360,Home,Urban,Graduate,Male,Private,1
APP-1431,2154,2000,Salaried,61,Married,0,551,1,0.44,26651,159119,113719,180,Business,Rural,Graduate,Male,Govt,0
APP-1432,12729,0,Salaried,26,Married,0,681,1,0.15,57974,29748,43055,240,Business,Urban,Graduate,Male,Private,1
APP-1433,3409,1500,Salaried,57,Married,3,825,2,0.46,24446,45109,126680,36,Business,Urban,Undergraduate,Female,Private,1
APP-1434,14249,1000,Business,30,Married,0,666,2,0.27,39108,23919,17450,60,Home,Semi-Urban,Graduate,Male,Govt,1
APP-1435,2784,3000,Business,60,Single,4,713,4,0.44,76179,57498,143997,36,Home,Urban,Graduate,Male,Private,0
APP-1436,13367,1500,Salaried,27,Married,4,837,0,0.29,4823,65808,60272,180,Education,Rural,Postgraduate,Male,Private,1
APP-1437,10096,1000,Salaried,59,Single,0,577,0,0.17,14454,80441,15310,120,Personal,Urban,Undergraduate,Male,Private,0
APP-1438,9560,1000,Self-Employed,58,Married,1,550,0,0.3,4932,123843,41817,36,Business,Semi-Urban,Undergraduate,Male,Self,0
APP-1439,14533,1500,Salaried,41,Married,0,737,2,0.16,11220,84420,92641,360,Home,Rural,Postgraduate,Male,Govt,1
APP-1440,9343,2500,Salaried,40,Single,1,605,1,0.39,75090,169978,25457,12,Home,Semi-Urban,Undergraduate,Female,Private,0
APP-1441,9206,1500,Self-Employed,23,Married,0,584,2,0.12,68965,117447,52311,36,Personal,Urban,Postgraduate,Male,Private,0
APP-1442,7596,2000,Salaried,42,Married,0,661,1,0.36,29208,76896,145052,180,Business,Semi-Urban,Undergraduate,Male,Govt,0
APP-1443,7801,2000,Business,24,Single,1,835,3,0.54,73980,113431,133573,36,Business,Semi-Urban,Postgraduate,Female,Self,1
APP-1444,4806,1500,Salaried,48,Married,1,585,3,0.52,11510,163018,107427,36,Personal,Rural,Graduate,Female,Private,0
APP-1445,2537,1000,Salaried,32,Married,4,766,0,0.54,45045,57020,46181,24,Business,Rural,Graduate,Female,Private,0
APP-1446,7986,3000,Salaried,58,Married,3,629,1,0.56,11537,32161,142019,360,Education,Urban,Postgraduate,Female,Private,0
APP-1447,3841,1000,Self-Employed,56,Married,2,632,1,0.15,73683,37738,141094,48,Business,Rural,Graduate,Male,Govt,0
APP-1448,12647,1000,Salaried,61,Married,1,614,0,0.16,70134,144997,11128,120,Business,Urban,Graduate,Male,Private,1
APP-1449,10716,5000,Self-Employed,25,Married,3,677,1,0.38,73254,149535,89522,24,Business,Urban,Postgraduate,Female,Private,1
APP-1450,8971,0,Salaried,33,Single,1,571,1,0.55,14782,67153,58929,360,Home,Rural,Undergraduate,Female,Private,0
APP-1451,7625,0,Self-Employed,43,Single,2,765,0,0.59,66587,71009,91696,180,Home,Urban,Graduate,Male,Private,0
APP-1452,4950,0,Salaried,50,Single,4,656,1,0.12,76720,97938,125245,60,Education,Urban,Postgraduate,Male,Private,0
APP-1453,9992,4000,Salaried,57,Married,1,658,1,0.28,79004,109546,19808,180,Education,Urban,Postgraduate,Female,Private,1
APP-1454,14323,0,Self-Employed,45,Single,2,730,0,0.21,23072,182624,105148,48,Business,Semi-Urban,Undergraduate,Male,Private,1
APP-1455,6780,0,Salaried,47,Married,3,713,1,0.48,73746,66271,31725,180,Home,Semi-Urban,Undergraduate,Male,Private,0
APP-1456,14307,0,Salaried,34,Single,3,617,0,0.42,46702,19797,82534,24,Home,Semi-Urban,Postgraduate,Male,Private,0
APP-1457,4368,0,Business,56,Single,2,841,2,0.16,7057,96130,49950,180,Personal,Urban,Postgraduate,Female,Private,1
APP-1458,14039,0,Salaried,59,Single,0,729,0,0.34,31916,81942,93576,48,Home,Semi-Urban,Graduate,Female,Self,1
APP-1459,8655,1000,Self-Employed,36,Married,1,730,3,0.44,28268,128065,30557,48,Home,Rural,Postgraduate,Male,Govt,0
APP-1460,10173,1500,Salaried,42,Married,0,718,1,0.49,44978,23965,31825,12,Home,Rural,Postgraduate,Male,Self,0
APP-1461,6495,0,Self-Employed,41,Married,2,571,0,0.11,24259,23733,18998,36,Personal,Urban,Undergraduate,Male,Private,0
APP-1462,12893,0,Salaried,41,Single,0,615,1,0.55,54583,194295,46080,60,Home,Rural,Postgraduate,Male,Private,0
APP-1463,11163,0,Salaried,28,Married,3,570,1,0.38,35293,137182,52407,60,Business,Semi-Urban,Graduate,Male,Self,0
APP-1464,8002,0,Business,36,Single,0,649,1,0.51,8043,167998,130283,24,Education,Urban,Postgraduate,Male,Private,0
APP-1465,8614,1500,Self-Employed,51,Married,0,849,1,0.5,51430,169855,23338,48,Business,Urban,Graduate,Male,Self,1
APP-1466,11358,2000,Salaried,62,Married,1,652,1,0.19,39893,93360,86289,12,Education,Urban,Graduate,Female,Govt,1
APP-1467,7919,0,Salaried,30,Married,2,596,0,0.16,41642,177466,141029,360,Home,Semi-Urban,Graduate,Female,Govt,0
APP-1468,12966,1000,Business,52,Married,0,588,0,0.46,79065,118378,119367,12,Home,Urban,Graduate,Male,Private,0
APP-1469,12174,0,Salaried,54,Married,1,834,2,0.18,31868,38287,75898,120,Home,Semi-Urban,Undergraduate,Male,Self,1
APP-1470,2853,3000,Self-Employed,29,Married,1,639,1,0.52,27309,92104,144526,180,Education,Urban,Graduate,Female,Self,0
APP-1471,6146,2000,Self-Employed,37,Single,0,634,0,0.46,24284,171508,127486,36,Home,Rural,Graduate,Male,Private,0
APP-1472,13928,1500,Salaried,31,Married,0,822,2,0.52,70000,96916,96540,12,Home,Urban,Undergraduate,Female,Private,1
APP-1473,5769,0,Salaried,52,Married,3,737,0,0.25,63107,13188,146421,180,Personal,Rural,Graduate,Male,Private,1
APP-1474,2574,4000,Self-Employed,30,Single,1,708,2,0.26,66049,101205,135416,36,Home,Rural,Graduate,Female,Self,1
APP-1475,13453,0,Salaried,42,Single,0,792,0,0.44,30265,107349,49963,120,Home,Urban,Graduate,Female,Private,1
APP-1476,3148,0,Salaried,37,Single,3,622,0,0.12,24880,147837,148822,120,Personal,Semi-Urban,Graduate,Female,Private,0
APP-1477,8293,0,Business,24,Married,4,598,3,0.46,1255,192698,104929,48,Business,Urban,Graduate,Female,Private,0
APP-1478,8457,0,Salaried,45,Single,2,650,0,0.52,2502,151879,84935,120,Home,Rural,Graduate,Female,Private,0
APP-1479,9509,5000,Self-Employed,41,Single,1,551,2,0.31,71192,20204,23686,48,Home,Semi-Urban,Postgraduate,Male,Private,0
APP-1480,11907,2500,Salaried,57,Married,3,793,0,0.48,66424,199016,73528,240,Business,Urban,Graduate,Male,Self,1
APP-1481,6777,0,Salaried,58,Married,4,725,1,0.19,76838,52120,109811,360,Home,Urban,Graduate,Male,Private,1
APP-1482,5854,1500,Salaried,21,Married,2,787,3,0.26,71966,112903,32787,24,Business,Urban,Undergraduate,Female,Self,1
APP-1483,4491,5000,Salaried,45,Married,1,608,0,0.59,42366,163730,125613,180,Home,Rural,Graduate,Female,Govt,0
APP-1484,12852,3000,Salaried,56,Single,1,648,2,0.59,28425,47081,114887,360,Business,Semi-Urban,Undergraduate,Male,Private,0
APP-1485,5124,2000,Salaried,37,Married,2,551,1,0.36,53328,44986,71086,360,Home,Rural,Graduate,Male,Private,0
APP-1486,7691,4000,Self-Employed,61,Single,0,792,1,0.57,68396,89322,112231,60,Business,Urban,Graduate,Female,Private,1
APP-1487,5051,5000,Salaried,44,Married,1,846,1,0.36,72694,104819,73308,12,Home,Urban,Postgraduate,Male,Self,1
APP-1488,2004,2000,Salaried,22,Married,3,760,3,0.25,6806,140015,25797,120,Personal,Rural,Graduate,Male,Govt,1
APP-1489,7222,0,Salaried,60,Married,2,672,0,0.23,18106,60304,15302,240,Home,Urban,Graduate,Female,Govt,0
APP-1490,7315,1000,Salaried,35,Married,1,778,0,0.56,57731,75592,48059,12,Home,Rural,Postgraduate,Male,Private,0
APP-1491,6869,2500,Salaried,52,Single,2,631,3,0.19,76010,68548,141980,24,Personal,Urban,Graduate,Male,Govt,0
APP-1492,2876,0,Salaried,59,Single,0,693,2,0.39,33599,108447,24239,12,Education,Urban,Postgraduate,Male,Self,0
APP-1493,11183,2500,Salaried,26,Married,1,689,0,0.38,72326,49986,37313,60,Business,Semi-Urban,Undergraduate,Male,Govt,1
APP-1494,9027,0,Salaried,21,Married,2,578,1,0.47,76706,84095,52103,24,Education,Rural,Graduate,Male,Private,0
APP-1495,6142,0,Salaried,43,Married,0,819,1,0.35,10004,101594,98771,48,Business,Rural,Postgraduate,Male,Govt,1
APP-1496,8966,0,Self-Employed,59,Single,0,796,1,0.24,52364,98281,136228,12,Education,Urban,Postgraduate,Male,Private,1
APP-1497,9079,0,Salaried,37,Married,4,561,0,0.18,26792,76151,101665,180,Business,Urban,Undergraduate,Male,Private,0
APP-1498,9987,5000,Salaried,54,Married,0,655,1,0.41,65912,83598,20534,240,Business,Semi-Urban,Undergraduate,Male,Govt,1
APP-1499,8799,2500,Self-Employed,61,Married,0,581,0,0.46,55645,38214,53060,60,Home,Semi-Urban,Undergraduate,Male,Private,0
APP-1500,14556,2500,Salaried,49,Single,4,623,2,0.38,8232,48745,27189,24,Business,Semi-Urban,Graduate,Female,Private,1
APP-1501,6465,2000,Business,29,Married,2,720,2,0.47,79210,183620,138431,240,Business,Urban,Postgraduate,Male,Self,0
APP-1502,2635,0,Salaried,33,Married,2,618,1,0.17,55766,151753,96067,12,Home,Rural,Graduate,Female,Govt,0
APP-1503,3693,1500,Salaried,26,Single,3,686,0,0.54,49542,148056,20967,180,Personal,Semi-Urban,Graduate,Female,Private,0
APP-1504,11874,1500,Salaried,26,Married,0,649,0,0.39,6913,168651,75563,12,Home,Rural,Undergraduate,Male,Self,0
APP-1505,6752,1500,Salaried,40,Married,2,695,1,0.16,11567,100810,18660,120,Business,Semi-Urban,Graduate,Female,Private,1
APP-1506,10311,0,Self-Employed,23,Single,1,558,2,0.33,39379,196005,128671,120,Home,Semi-Urban,Undergraduate,Male,Self,0
APP-1507,2830,1500,Salaried,37,Single,3,611,0,0.52,75968,168471,139909,60,Home,Rural,Graduate,Female,Self,0
APP-1508,13867,1000,Business,32,Married,1,734,1,0.55,1319,172553,85976,24,Education,Semi-Urban,Undergraduate,Male,Private,1
APP-1509,7177,5000,Salaried,21,Married,2,578,0,0.23,5791,10944,23107,24,Personal,Rural,Graduate,Female,Private,0
APP-1510,11561,3000,Salaried,37,Married,1,663,0,0.46,1329,103993,104182,360,Business,Rural,Graduate,Male,Govt,0
APP-1511,10932,1000,Salaried,23,Single,1,692,0,0.15,75387,19114,101787,60,Business,Semi-Urban,Graduate,Female,Private,1
APP-1512,10308,2000,Salaried,46,Married,2,669,0,0.12,62032,49846,25954,60,Education,Semi-Urban,Postgraduate,Male,Self,1
APP-1513,7949,2000,Salaried,35,Single,2,719,0,0.38,45078,42596,26943,180,Home,Urban,Graduate,Female,Private,1
APP-1514,4838,0,Self-Employed,56,Married,2,706,1,0.45,22300,114087,50725,120,Personal,Urban,Postgraduate,Male,Private,0
APP-1515,3150,3000,Self-Employed,52,Married,1,809,3,0.5,76700,16907,55434,24,Personal,Urban,Graduate,Female,Private,1
APP-1516,9560,3000,Salaried,52,Single,1,631,2,0.27,51945,169186,95751,12,Education,Urban,Graduate,Male,Private,1
APP-1517,3931,1000,Self-Employed,24,Single,2,791,0,0.1,56609,35009,20110,60,Home,Urban,Graduate,Male,Self,1
APP-1518,11204,0,Business,38,Married,3,721,0,0.34,61562,94846,26462,48,Education,Urban,Graduate,Female,Private,1
APP-1519,3664,0,Business,39,Married,2,780,0,0.11,62901,60241,89232,36,Home,Urban,Undergraduate,Female,Govt,1
APP-1520,3081,1000,Salaried,63,Married,3,757,0,0.15,6703,176797,76567,24,Personal,Semi-Urban,Undergraduate,Male,Self,1
APP-1521,14921,0,Self-Employed,55,Single,3,624,1,0.26,64115,28996,137425,24,Education,Urban,Graduate,Female,Private,1
APP-1522,2512,3000,Salaried,60,Single,1,819,1,0.32,28676,147119,66063,48,Business,Urban,Postgraduate,Female,Private,1
APP-1523,13041,0,Business,34,Married,2,663,0,0.24,62710,38767,123394,24,Education,Semi-Urban,Postgraduate,Female,Private,1
APP-1524,9805,0,Salaried,53,Single,3,611,0,0.39,61077,26347,65240,48,Home,Semi-Urban,Graduate,Male,Private,0
APP-1525,7237,4000,Salaried,34,Married,2,651,0,0.13,46440,112063,91352,36,Business,Semi-Urban,Graduate,Male,Self,1
APP-1526,2559,2000,Self-Employed,54,Married,3,759,0,0.17,37923,34102,90989,360,Personal,Semi-Urban,Postgraduate,Female,Private,1
APP-1527,5672,0,Salaried,24,Married,2,804,2,0.45,30802,14263,32222,180,Home,Rural,Graduate,Male,Private,1
APP-1528,14775,0,Business,44,Married,1,569,0,0.17,63904,118585,89794,36,Personal,Semi-Urban,Graduate,Male,Govt,1
APP-1529,9404,0,Business,49,Married,0,607,1,0.42,61162,77438,73924,240,Home,Semi-Urban,Graduate,Male,Self,0
APP-1530,5343,2000,Self-Employed,39,Married,1,661,1,0.13,66169,106359,109854,360,Business,Rural,Postgraduate,Male,Govt,1
APP-1531,6070,0,Salaried,26,Married,4,745,3,0.3,69147,171612,88513,180,Education,Rural,Graduate,Female,Self,1
APP-1532,14991,1500,Self-Employed,53,Single,2,641,3,0.19,23075,140251,64649,120,Personal,Semi-Urban,Graduate,Female,Private,1
APP-1533,11662,5000,Salaried,60,Married,1,601,2,0.15,75716,181915,112986,48,Home,Semi-Urban,Graduate,Male,Private,1
APP-1534,2580,0,Salaried,39,Married,3,842,0,0.38,10304,37690,93749,60,Home,Urban,Graduate,Male,Self,1
APP-1535,9004,3000,Self-Employed,21,Married,1,557,1,0.56,60622,12994,49369,240,Business,Semi-Urban,Graduate,Male,Govt,0
APP-1536,12486,5000,Salaried,25,Single,1,849,2,0.13,55215,113533,96379,36,Business,Rural,Undergraduate,Male,Private,1
APP-1537,10130,0,Salaried,47,Married,2,647,0,0.31,74973,77546,79392,24,Home,Semi-Urban,Graduate,Male,Private,0
APP-1538,5147,3000,Business,36,Married,2,785,1,0.45,13521,148449,22661,36,Home,Rural,Postgraduate,Female,Private,1
APP-1539,6249,1500,Salaried,26,Single,0,618,3,0.33,25028,88572,81718,180,Home,Semi-Urban,Graduate,Female,Private,0
APP-1540,3679,4000,Salaried,60,Married,1,594,1,0.5,40328,36467,17970,240,Personal,Rural,Postgraduate,Male,Private,0
APP-1541,5506,1500,Business,33,Married,1,686,0,0.19,28301,141120,57922,12,Personal,Semi-Urban,Postgraduate,Female,Private,1
APP-1542,9253,2000,Salaried,55,Single,1,783,0,0.58,39015,178050,40755,180,Personal,Urban,Graduate,Male,Self,1
APP-1543,4744,1500,Self-Employed,39,Married,1,581,1,0.29,37845,57606,130926,360,Education,Semi-Urban,Undergraduate,Female,Private,0
APP-1544,13548,3000,Business,32,Married,1,838,0,0.27,77394,108112,29416,36,Business,Urban,Graduate,Male,Private,1
APP-1545,14237,2000,Business,36,Married,0,675,1,0.54,45159,83414,23672,36,Education,Urban,Undergraduate,Female,Self,1
APP-1546,11435,1500,Self-Employed,63,Married,1,616,2,0.38,44714,103145,138145,240,Home,Rural,Graduate,Male,Private,0
APP-1547,7188,3000,Salaried,30,Married,0,579,0,0.36,26230,190294,84095,48,Personal,Urban,Undergraduate,Male,Govt,0
APP-1548,13310,0,Salaried,45,Married,1,663,3,0.46,50262,58115,10064,240,Business,Rural,Postgraduate,Male,Private,0
APP-1549,4141,0,Self-Employed,40,Married,3,753,1,0.39,42722,99606,78835,60,Personal,Urban,Undergraduate,Male,Govt,0
APP-1550,13251,0,Business,51,Married,2,578,0,0.18,47359,50647,146711,36,Personal,Urban,Postgraduate,Male,Govt,1
APP-1551,14740,0,Salaried,24,Single,1,680,2,0.44,63796,64607,97594,48,Personal,Rural,Graduate,Male,Private,1
APP-1552,13151,0,Salaried,64,Married,0,734,2,0.17,41159,198482,126916,48,Business,Urban,Postgraduate,Male,Govt,1
APP-1553,12457,4000,Salaried,43,Married,0,802,1,0.5,6239,31996,130308,240,Education,Semi-Urban,Undergraduate,Female,Private,1
APP-1554,8617,0,Salaried,22,Single,1,835,3,0.59,51886,195993,92516,120,Home,Semi-Urban,Undergraduate,Male,Govt,1
APP-1555,4479,2000,Self-Employed,42,Single,0,611,2,0.29,28195,93697,74666,180,Business,Semi-Urban,Graduate,Female,Govt,0
APP-1556,8484,0,Salaried,57,Married,1,552,3,0.32,35674,56022,128294,360,Business,Rural,Postgraduate,Male,Govt,0
APP-1557,14838,3000,Business,28,Single,0,617,1,0.12,19105,50148,20866,120,Home,Semi-Urban,Graduate,Female,Govt,1
APP-1558,11827,5000,Self-Employed,27,Married,3,574,2,0.11,30739,77764,13889,36,Education,Semi-Urban,Postgraduate,Female,Private,1
APP-1559,9421,1000,Salaried,34,Married,1,728,4,0.56,32969,101901,128194,36,Education,Rural,Graduate,Male,Private,0
APP-1560,11949,3000,Self-Employed,23,Single,0,690,2,0.16,15497,100724,134714,36,Home,Urban,Graduate,Female,Self,1
APP-1561,6452,0,Salaried,36,Married,3,780,0,0.32,2816,134766,41335,24,Business,Semi-Urban,Undergraduate,Male,Self,1
APP-1562,12262,2500,Salaried,39,Married,1,849,1,0.51,60254,18888,60547,12,Education,Rural,Graduate,Female,Self,1
APP-1563,7881,0,Self-Employed,38,Married,0,712,1,0.54,70385,180231,108756,12,Business,Semi-Urban,Postgraduate,Male,Govt,0
APP-1564,8665,4000,Self-Employed,36,Married,1,679,0,0.36,34826,183269,20995,48,Home,Rural,Postgraduate,Male,Private,1
APP-1565,4849,0,Self-Employed,28,Married,1,795,4,0.38,64365,108941,12631,36,Education,Semi-Urban,Graduate,Male,Govt,1
APP-1566,13443,1500,Salaried,53,Single,2,846,0,0.43,51100,165546,147039,60,Home,Rural,Graduate,Male,Private,1
APP-1567,9390,2500,Salaried,32,Married,0,721,0,0.58,5359,27333,98294,360,Personal,Rural,Postgraduate,Male,Govt,0
APP-1568,8905,0,Self-Employed,31,Single,1,613,3,0.4,13809,46355,97278,240,Personal,Urban,Graduate,Female,Private,0
APP-1569,13922,0,Salaried,25,Married,0,580,1,0.38,65450,139686,74471,360,Personal,Urban,Undergraduate,Male,Govt,0
APP-1570,4489,0,Salaried,47,Single,0,596,0,0.11,39428,172217,47116,60,Home,Semi-Urban,Undergraduate,Male,Govt,0
APP-1571,11823,0,Salaried,32,Single,3,679,1,0.14,73790,113170,102116,240,Home,Semi-Urban,Graduate,Male,Self,1
APP-1572,13008,1500,Self-Employed,37,Single,2,659,1,0.39,3093,85675,143014,48,Home,Urban,Graduate,Male,Private,1
APP-1573,11207,0,Salaried,26,Married,1,618,0,0.57,45498,190926,57664,60,Home,Urban,Graduate,Male,Self,0
APP-1574,11540,0,Self-Employed,53,Married,1,607,4,0.53,41985,77664,97342,36,Personal,Urban,Postgraduate,Female,Private,0
APP-1575,6611,0,Business,25,Married,0,655,1,0.59,33009,96153,24407,60,Personal,Rural,Graduate,Male,Self,0
APP-1576,13279,2500,Salaried,48,Single,3,849,1,0.36,18718,103616,123926,36,Personal,Semi-Urban,Graduate,Male,Private,1
APP-1577,4839,0,Salaried,34,Single,0,805,1,0.49,17705,45285,69201,60,Education,Semi-Urban,Postgraduate,Male,Self,0
APP-1578,10527,0,Salaried,25,Married,0,720,1,0.52,63598,158605,90093,60,Home,Urban,Undergraduate,Male,Private,0
APP-1579,7878,0,Business,53,Married,1,711,0,0.42,78878,173696,27878,120,Home,Urban,Graduate,Female,Private,0
APP-1580,14784,1000,Salaried,61,Married,1,835,0,0.27,13239,56996,93100,360,Home,Urban,Graduate,Male,Private,1
APP-1581,11087,2500,Salaried,39,Married,1,620,1,0.33,47622,56947,88629,12,Business,Urban,Undergraduate,Male,Private,0
APP-1582,8303,0,Salaried,42,Married,0,804,2,0.53,47665,169028,53168,120,Personal,Rural,Postgraduate,Male,Self,1
APP-1583,13738,0,Self-Employed,25,Single,1,604,0,0.25,33274,61030,64862,12,Home,Rural,Postgraduate,Male,Self,1
APP-1584,2851,2500,Salaried,22,Single,1,552,1,0.56,12419,199669,38004,120,Home,Urban,Postgraduate,Male,Private,0
APP-1585,3687,2500,Self-Employed,50,Married,0,575,2,0.21,16003,52443,30471,24,Business,Urban,Undergraduate,Male,Private,0
APP-1586,12123,0,Business,59,Married,3,675,0,0.47,31866,138344,101820,240,Personal,Urban,Postgraduate,Female,Private,0
APP-1587,8833,2500,Salaried,24,Married,0,602,0,0.42,22988,75464,112229,36,Personal,Semi-Urban,Undergraduate,Male,Self,0
APP-1588,13938,4000,Self-Employed,53,Married,1,747,0,0.47,56894,138019,75308,120,Education,Urban,Postgraduate,Male,Private,1
APP-1589,4427,0,Salaried,33,Married,2,848,1,0.32,6674,145024,93969,120,Home,Urban,Postgraduate,Male,Govt,1
APP-1590,11760,2500,Business,40,Married,0,737,0,0.57,71538,197952,24568,48,Business,Urban,Graduate,Male,Private,1
APP-1591,6000,2000,Self-Employed,27,Single,2,735,1,0.42,67446,193273,19466,60,Personal,Rural,Graduate,Male,Govt,0
APP-1592,7052,1000,Business,35,Married,3,847,1,0.24,30072,130454,67324,24,Home,Semi-Urban,Postgraduate,Female,Private,1
APP-1593,4738,0,Salaried,43,Married,0,753,1,0.42,34717,134444,112208,240,Business,Semi-Urban,Graduate,Female,Private,0
APP-1594,13690,0,Salaried,34,Single,3,560,0,0.24,27651,122175,85955,180,Personal,Urban,Postgraduate,Male,Private,0
APP-1595,7732,3000,Salaried,43,Single,1,695,1,0.25,45291,52460,104791,120,Home,Rural,Graduate,Male,Private,1
APP-1596,7387,5000,Salaried,39,Married,0,634,2,0.3,64350,163868,118718,180,Education,Rural,Undergraduate,Male,Govt,0
APP-1597,10002,2000,Salaried,49,Married,1,649,3,0.53,5646,172818,32650,12,Home,Urban,Graduate,Male,Govt,0
APP-1598,7536,1000,Salaried,40,Married,1,653,3,0.35,40713,10015,98290,60,Home,Urban,Undergraduate,Female,Private,0
APP-1599,5913,2000,Salaried,49,Single,2,595,1,0.44,68936,59757,87701,180,Personal,Semi-Urban,Postgraduate,Female,Govt,0
APP-1600,3066,1500,Salaried,44,Single,2,593,1,0.3,45331,167029,20683,12,Home,Urban,Graduate,Female,Private,0
APP-1601,9723,0,Self-Employed,38,Single,3,827,0,0.23,23185,91541,90978,24,Business,Semi-Urban,Postgraduate,Male,Self,1
APP-1602,6380,0,Salaried,30,Married,4,730,0,0.58,53107,31292,14860,360,Business,Semi-Urban,Graduate,Male,Self,0
APP-1603,12636,2500,Salaried,61,Single,2,736,0,0.4,67554,132694,144801,36,Home,Semi-Urban,Graduate,Female,Self,1
APP-1604,6107,0,Salaried,28,Married,2,663,1,0.57,18563,172948,41351,120,Education,Urban,Graduate,Female,Self,0
APP-1605,7726,2500,Salaried,46,Married,1,804,0,0.2,71729,57046,72744,180,Business,Semi-Urban,Graduate,Female,Private,1
APP-1606,5373,0,Business,49,Married,1,579,0,0.17,16701,24817,130198,360,Personal,Rural,Undergraduate,Male,Private,0
APP-1607,14161,0,Salaried,30,Married,0,813,4,0.53,70072,19759,84155,60,Personal,Urban,Graduate,Male,Govt,1
APP-1608,12738,0,Self-Employed,37,Married,2,647,0,0.44,49217,189504,131449,48,Home,Semi-Urban,Postgraduate,Male,Self,0
APP-1609,10945,1000,Business,22,Single,1,664,0,0.19,45610,16412,86700,24,Education,Urban,Graduate,Male,Private,1
APP-1610,4082,4000,Self-Employed,26,Single,0,825,0,0.23,51131,198829,16955,36,Personal,Urban,Postgraduate,Male,Govt,1
APP-1611,12966,0,Self-Employed,25,Married,0,830,1,0.5,30410,30504,31662,60,Business,Semi-Urban,Graduate,Female,Private,1
APP-1612,13088,3000,Self-Employed,48,Married,1,824,1,0.33,59715,118500,16408,24,Home,Urban,Postgraduate,Male,Private,1
APP-1613,14377,1500,Business,61,Married,1,810,0,0.44,39665,18507,11225,48,Business,Urban,Postgraduate,Male,Private,1
APP-1614,10967,2500,Self-Employed,25,Married,1,756,1,0.26,16957,31050,27279,12,Home,Urban,Postgraduate,Female,Self,1
APP-1615,8748,0,Salaried,38,Married,2,760,2,0.29,49127,145892,120401,48,Business,Semi-Urban,Graduate,Male,Private,1
APP-1616,11817,2500,Self-Employed,46,Single,1,764,2,0.6,64589,148907,102404,180,Personal,Semi-Urban,Postgraduate,Female,Self,1
APP-1617,13261,2500,Salaried,40,Married,2,589,4,0.22,47008,110153,58481,36,Education,Urban,Graduate,Male,Private,1
APP-1618,2417,0,Self-Employed,61,Married,0,575,2,0.35,62920,23587,54552,240,Personal,Semi-Urban,Graduate,Male,Private,0
APP-1619,10306,0,Salaried,47,Married,0,576,1,0.52,33875,67732,147930,120,Home,Urban,Graduate,Female,Self,0
APP-1620,10808,3000,Salaried,32,Single,1,739,0,0.22,2626,61921,84474,120,Home,Semi-Urban,Graduate,Female,Self,1
APP-1621,5974,5000,Salaried,27,Single,1,632,0,0.31,64822,186571,35168,12,Home,Semi-Urban,Graduate,Male,Govt,0
APP-1622,5267,0,Salaried,23,Single,0,719,0,0.41,72765,127734,42099,60,Home,Semi-Urban,Postgraduate,Female,Govt,0
APP-1623,2825,2000,Salaried,30,Single,1,716,1,0.34,73413,140104,71455,36,Home,Rural,Graduate,Male,Private,0
APP-1624,9668,4000,Salaried,54,Married,0,737,2,0.33,34642,147912,64240,12,Personal,Rural,Graduate,Male,Private,1
APP-1625,7745,3000,Salaried,45,Married,1,718,1,0.28,39311,41440,84796,240,Personal,Urban,Graduate,Male,Private,1
APP-1626,11708,5000,Salaried,55,Single,1,838,0,0.39,33356,45183,64592,180,Home,Rural,Postgraduate,Male,Self,1
APP-1627,13338,2500,Self-Employed,36,Married,2,778,1,0.41,4809,106172,132181,180,Business,Urban,Postgraduate,Female,Govt,1
APP-1628,2412,1000,Salaried,22,Married,3,646,3,0.43,44371,143461,111611,48,Personal,Rural,Graduate,Female,Private,0
APP-1629,9543,0,Salaried,44,Married,0,565,1,0.14,35875,196148,68046,120,Business,Urban,Postgraduate,Female,Govt,0
APP-1630,9587,0,Self-Employed,30,Married,4,828,2,0.42,10465,124515,26488,360,Personal,Urban,Postgraduate,Female,Self,1
APP-1631,2728,2000,Salaried,58,Married,1,684,2,0.58,67095,133183,128521,36,Home,Urban,Graduate,Male,Self,0
APP-1632,13540,2000,Salaried,42,Married,2,575,3,0.37,74844,76299,141467,360,Education,Urban,Postgraduate,Female,Private,0
APP-1633,9164,0,Business,46,Single,2,561,2,0.46,66250,125503,28394,48,Personal,Semi-Urban,Postgraduate,Female,Govt,0
APP-1634,13000,3000,Business,63,Married,2,621,2,0.38,16250,49023,103993,60,Home,Rural,Postgraduate,Female,Private,1
APP-1635,10867,2000,Salaried,59,Married,1,682,0,0.53,47023,191101,69332,180,Home,Semi-Urban,Graduate,Female,Private,0
APP-1636,13657,1500,Salaried,47,Married,1,655,0,0.56,47624,49941,52628,120,Home,Semi-Urban,Graduate,Female,Private,0
APP-1637,7988,1000,Business,49,Married,0,769,1,0.19,17427,195022,31352,240,Home,Rural,Graduate,Male,Self,1
APP-1638,4504,1500,Self-Employed,58,Married,0,726,0,0.32,34276,131677,92971,240,Education,Urban,Postgraduate,Female,Self,0
APP-1639,4967,0,Salaried,40,Married,1,831,4,0.3,72643,86054,61993,240,Education,Urban,Undergraduate,Female,Private,1
APP-1640,4786,0,Self-Employed,47,Married,1,682,0,0.3,4439,75363,113027,36,Home,Urban,Graduate,Female,Private,0
APP-1641,3122,0,Salaried,61,Married,1,571,3,0.16,79672,71742,130212,120,Personal,Urban,Graduate,Male,Private,0
APP-1642,6079,0,Salaried,40,Married,0,818,0,0.51,18300,55215,18539,180,Personal,Urban,Postgraduate,Male,Private,1
APP-1643,3571,1000,Salaried,64,Married,2,710,0,0.12,61289,57857,142335,360,Home,Urban,Undergraduate,Female,Private,1
APP-1644,7073,1500,Self-Employed,39,Married,3,656,3,0.36,18182,65476,63817,48,Home,Urban,Undergraduate,Male,Private,0
APP-1645,7104,0,Salaried,40,Married,3,828,0,0.43,71507,169245,59107,60,Home,Urban,Postgraduate,Female,Govt,1
APP-1646,4143,2500,Self-Employed,55,Married,1,784,0,0.2,51912,150467,139240,240,Home,Rural,Undergraduate,Male,Private,1
APP-1647,11879,0,Salaried,22,Married,2,567,0,0.55,27909,69768,109655,12,Home,Urban,Graduate,Male,Govt,0
APP-1648,8806,4000,Salaried,50,Married,3,791,1,0.52,20659,113591,66132,120,Home,Semi-Urban,Graduate,Male,Private,1
APP-1649,9357,5000,Salaried,54,Married,1,666,0,0.34,32403,56229,135701,48,Personal,Semi-Urban,Graduate,Male,Private,1
APP-1650,14324,0,Self-Employed,42,Married,1,835,1,0.31,34586,167711,115494,60,Education,Semi-Urban,Postgraduate,Male,Private,1
APP-1651,14043,1000,Salaried,23,Single,3,831,1,0.22,11360,121706,62979,60,Home,Urban,Graduate,Male,Private,1
APP-1652,5440,0,Salaried,26,Single,1,693,2,0.46,22424,72583,68013,24,Home,Urban,Graduate,Male,Private,0
APP-1653,5766,1500,Business,35,Single,1,754,2,0.17,49791,169996,73797,240,Personal,Urban,Graduate,Male,Self,1
APP-1654,7644,2000,Salaried,47,Single,0,588,1,0.44,4065,136011,61798,24,Business,Urban,Graduate,Male,Private,0
APP-1655,12518,0,Business,30,Married,0,703,0,0.52,69795,40104,86421,48,Personal,Urban,Undergraduate,Male,Self,0
APP-1656,4914,1500,Salaried,29,Single,3,725,2,0.21,13300,47594,17434,60,Personal,Semi-Urban,Graduate,Male,Private,1
APP-1657,6968,0,Self-Employed,53,Married,2,790,0,0.53,34370,13664,40028,12,Home,Semi-Urban,Graduate,Female,Private,0
APP-1658,7917,0,Salaried,52,Married,1,683,1,0.12,70831,20528,76558,120,Home,Semi-Urban,Postgraduate,Male,Govt,1
APP-1659,14144,2000,Business,26,Married,0,595,1,0.56,28209,169262,34331,24,Business,Semi-Urban,Graduate,Male,Private,0
APP-1660,10787,0,Salaried,61,Married,1,599,3,0.16,21927,138404,77573,60,Home,Urban,Postgraduate,Female,Self,0
APP-1661,2728,1500,Salaried,56,Single,1,715,1,0.42,35579,42899,139473,120,Business,Rural,Undergraduate,Male,Self,0
APP-1662,3365,1000,Salaried,22,Married,0,655,0,0.23,10032,80979,92979,240,Personal,Urban,Undergraduate,Female,Self,0
APP-1663,6492,5000,Salaried,49,Single,3,765,1,0.52,79413,27241,14123,360,Personal,Semi-Urban,Undergraduate,Female,Private,1
APP-1664,2698,0,Salaried,24,Married,0,695,1,0.36,41731,56211,26603,120,Home,Rural,Graduate,Male,Private,0
APP-1665,9186,1000,Business,21,Married,1,621,0,0.17,54767,73472,75941,60,Personal,Semi-Urban,Postgraduate,Male,Private,1
APP-1666,2395,2000,Salaried,39,Married,2,822,1,0.39,73302,41346,52597,48,Education,Urban,Graduate,Male,Private,1
APP-1667,9400,0,Self-Employed,46,Married,0,796,2,0.3,50954,91196,94238,24,Home,Semi-Urban,Graduate,Male,Govt,1
APP-1668,10082,5000,Self-Employed,45,Single,3,735,4,0.43,26102,114451,51751,24,Home,Urban,Graduate,Male,Self,1
APP-1669,6171,2000,Self-Employed,30,Married,2,619,1,0.54,35433,112908,136462,180,Business,Urban,Graduate,Male,Self,0
APP-1670,6360,2000,Salaried,35,Married,2,699,0,0.3,16932,183292,96978,60,Education,Urban,Undergraduate,Female,Private,1
APP-1671,4502,2500,Salaried,42,Single,0,795,0,0.24,26714,159014,27693,180,Education,Urban,Graduate,Male,Private,1
APP-1672,12011,5000,Self-Employed,41,Married,0,811,3,0.11,58803,59167,104524,12,Home,Semi-Urban,Postgraduate,Male,Govt,1
APP-1673,2717,4000,Business,42,Single,0,575,2,0.39,40743,46373,107869,12,Personal,Rural,Graduate,Female,Private,0
APP-1674,4782,2000,Salaried,56,Married,1,689,0,0.3,3552,77143,73825,60,Personal,Urban,Graduate,Male,Private,0
APP-1675,6946,2000,Salaried,54,Married,2,648,0,0.29,57627,130623,140475,24,Personal,Rural,Undergraduate,Male,Self,0
APP-1676,13769,0,Salaried,50,Married,3,827,2,0.19,46987,120013,55406,240,Education,Rural,Graduate,Male,Private,1
APP-1677,7486,0,Business,45,Married,2,600,0,0.32,46380,12016,133371,36,Education,Rural,Postgraduate,Male,Private,0
APP-1678,10335,1500,Salaried,48,Married,3,700,0,0.59,30250,79110,11617,12,Personal,Rural,Graduate,Female,Private,0
APP-1679,6980,0,Salaried,21,Married,2,653,0,0.25,69344,187381,53016,24,Home,Urban,Graduate,Male,Govt,0
APP-1680,13332,1000,Business,24,Single,1,638,0,0.4,65686,17274,34276,180,Business,Urban,Graduate,Male,Self,0
APP-1681,9266,0,Salaried,27,Single,0,690,1,0.49,46028,25748,82240,120,Personal,Semi-Urban,Undergraduate,Male,Private,0
APP-1682,6491,0,Salaried,29,Married,2,762,2,0.47,16295,161247,116292,240,Home,Semi-Urban,Graduate,Male,Self,0
APP-1683,9192,2500,Self-Employed,56,Married,0,782,0,0.26,56248,21826,27959,180,Education,Rural,Graduate,Male,Private,1
APP-1684,13130,4000,Business,39,Married,0,732,0,0.41,11523,93008,38522,240,Business,Rural,Graduate,Female,Private,1
APP-1685,7588,0,Salaried,21,Married,1,800,0,0.54,46530,139288,36567,36,Home,Semi-Urban,Postgraduate,Female,Govt,0
APP-1686,9651,1500,Salaried,30,Single,3,558,1,0.11,14769,175201,72708,120,Home,Urban,Postgraduate,Male,Private,0
APP-1687,5636,3000,Salaried,56,Married,0,628,0,0.32,64042,164562,136206,180,Personal,Urban,Postgraduate,Male,Private,0
APP-1688,13414,0,Salaried,29,Married,2,601,1,0.21,45645,115623,32560,12,Home,Urban,Graduate,Female,Private,1
APP-1689,3167,2500,Self-Employed,62,Married,3,818,2,0.29,63142,182507,68390,12,Personal,Semi-Urban,Undergraduate,Male,Private,1
APP-1690,12808,0,Salaried,52,Single,1,775,0,0.31,26557,149592,135772,180,Home,Semi-Urban,Postgraduate,Male,Govt,1
APP-1691,3062,0,Salaried,52,Married,0,600,0,0.47,79382,93106,55104,36,Personal,Rural,Undergraduate,Male,Self,0
APP-1692,4156,5000,Salaried,26,Married,0,735,0,0.15,38085,160870,67805,36,Home,Semi-Urban,Undergraduate,Male,Self,1
APP-1693,9860,0,Salaried,58,Married,2,583,1,0.36,51708,64638,34496,60,Home,Rural,Postgraduate,Male,Govt,0
APP-1694,7161,2000,Salaried,37,Married,2,840,3,0.38,52357,79072,101257,120,Business,Semi-Urban,Graduate,Female,Self,1
APP-1695,7305,2500,Business,30,Married,3,779,0,0.35,14470,77309,13515,24,Personal,Rural,Undergraduate,Female,Private,1
APP-1696,13174,0,Salaried,47,Married,1,680,3,0.47,79712,170966,14454,36,Home,Urban,Undergraduate,Male,Private,0
APP-1697,8541,2000,Self-Employed,55,Single,0,669,0,0.29,7805,134724,32873,120,Home,Rural,Graduate,Male,Private,1
APP-1698,13486,5000,Self-Employed,41,Married,0,796,2,0.57,63028,195639,83920,36,Personal,Semi-Urban,Graduate,Female,Self,1
APP-1699,6729,0,Salaried,45,Married,2,741,1,0.34,51772,137843,23727,60,Education,Urban,Undergraduate,Male,Govt,1
APP-1700,11348,3000,Salaried,48,Single,0,759,1,0.39,53104,45326,138376,360,Business,Urban,Graduate,Female,Private,1
APP-1701,9330,1500,Salaried,35,Single,1,652,1,0.51,74616,196131,79070,36,Business,Rural,Undergraduate,Male,Private,0
APP-1702,7334,2000,Salaried,24,Married,1,682,1,0.24,7630,15079,109059,120,Personal,Urban,Graduate,Male,Private,1
APP-1703,10924,2000,Salaried,49,Married,0,688,2,0.14,16701,166910,134564,60,Education,Semi-Urban,Graduate,Male,Private,1
APP-1704,6330,0,Salaried,29,Married,0,670,2,0.45,15859,131412,127213,60,Education,Urban,Graduate,Female,Govt,0
APP-1705,10010,4000,Salaried,47,Single,1,643,1,0.34,22183,97340,35465,120,Personal,Semi-Urban,Graduate,Male,Private,1
APP-1706,8801,4000,Self-Employed,46,Married,0,678,0,0.55,41438,188181,69799,120,Home,Rural,Graduate,Male,Self,0
APP-1707,6846,2000,Salaried,39,Married,0,640,0,0.59,43244,95211,106129,12,Home,Urban,Graduate,Male,Self,0
APP-1708,8731,2500,Self-Employed,48,Married,2,641,2,0.3,75312,166666,149374,360,Home,Semi-Urban,Postgraduate,Female,Self,0
APP-1709,9241,2000,Salaried,37,Married,3,612,1,0.31,16021,52749,117288,60,Home,Rural,Undergraduate,Female,Private,0
APP-1710,2953,1000,Business,63,Married,0,578,1,0.3,70863,177364,22875,12,Home,Rural,Graduate,Female,Private,0
APP-1711,4539,2000,Salaried,61,Married,2,759,1,0.26,56565,128192,37219,240,Education,Rural,Postgraduate,Female,Private,1
APP-1712,9056,1500,Salaried,62,Married,1,561,3,0.49,49043,84534,46182,180,Personal,Semi-Urban,Postgraduate,Male,Govt,0
APP-1713,13516,1500,Self-Employed,40,Married,1,846,1,0.48,74150,89233,89781,180,Education,Urban,Postgraduate,Male,Self,1
APP-1714,13493,2500,Salaried,60,Married,3,679,2,0.34,65361,61818,16457,60,Home,Semi-Urban,Postgraduate,Male,Govt,1
APP-1715,3542,1000,Salaried,59,Married,2,842,2,0.12,2245,121910,147821,12,Home,Semi-Urban,Graduate,Male,Self,1
APP-1716,7293,0,Business,43,Married,3,722,0,0.25,42011,23429,43064,360,Personal,Urban,Graduate,Female,Govt,1
APP-1717,3191,0,Salaried,52,Married,0,757,0,0.25,11355,67748,125256,360,Home,Urban,Graduate,Female,Self,1
APP-1718,8313,1000,Salaried,53,Married,0,573,2,0.51,49692,58807,108297,240,Personal,Urban,Graduate,Male,Govt,0
APP-1719,13185,2000,Self-Employed,25,Single,3,648,0,0.14,50004,17140,148736,60,Business,Semi-Urban,Postgraduate,Female,Govt,1
APP-1720,8938,1500,Business,63,Single,1,688,3,0.5,30714,73226,79918,36,Home,Rural,Graduate,Female,Private,0
APP-1721,4681,2000,Self-Employed,54,Single,0,723,0,0.43,18198,155973,100179,240,Home,Urban,Undergraduate,Male,Private,0
APP-1722,11409,1000,Salaried,60,Married,2,578,0,0.47,67951,98815,84944,12,Education,Semi-Urban,Undergraduate,Male,Private,0
APP-1723,3540,2000,Self-Employed,31,Married,3,692,3,0.32,2652,38525,99142,36,Business,Rural,Undergraduate,Male,Private,0
APP-1724,8172,0,Salaried,23,Married,3,591,1,0.44,44625,30491,37603,180,Personal,Urban,Undergraduate,Male,Govt,0
APP-1725,13428,1000,Self-Employed,53,Married,1,848,0,0.4,19740,176052,56458,48,Business,Semi-Urban,Graduate,Male,Self,1
APP-1726,7541,2000,Business,31,Married,3,757,2,0.48,4810,18078,80605,180,Home,Rural,Postgraduate,Male,Private,1
APP-1727,12578,3000,Self-Employed,36,Single,0,741,1,0.32,17569,101654,29623,60,Business,Rural,Graduate,Male,Private,1
APP-1728,13911,1000,Business,38,Married,0,709,1,0.34,27783,139101,54440,120,Home,Urban,Undergraduate,Female,Private,1
APP-1729,11580,0,Salaried,50,Married,2,613,0,0.42,79047,189776,92427,180,Home,Urban,Undergraduate,Male,Private,0
APP-1730,12048,0,Self-Employed,30,Single,0,792,2,0.15,10471,26997,148776,180,Business,Urban,Undergraduate,Male,Private,1
APP-1731,3365,0,Self-Employed,38,Single,1,807,3,0.32,7163,141940,103826,180,Business,Semi-Urban,Graduate,Female,Govt,1
APP-1732,10691,2000,Salaried,58,Single,2,701,0,0.59,64087,167470,37460,180,Home,Semi-Urban,Postgraduate,Male,Private,0
APP-1733,11872,0,Business,39,Married,1,764,3,0.12,63071,107356,120373,180,Home,Semi-Urban,Graduate,Male,Private,1
APP-1734,10702,1500,Salaried,56,Married,0,715,3,0.26,17065,123711,147637,36,Home,Urban,Graduate,Female,Private,1
APP-1735,9494,1000,Self-Employed,33,Married,0,580,1,0.26,49348,31246,14870,36,Home,Urban,Postgraduate,Male,Private,0
APP-1736,6312,0,Self-Employed,23,Married,1,781,1,0.42,20154,161633,28909,180,Home,Semi-Urban,Graduate,Female,Private,1
APP-1737,3324,1000,Self-Employed,30,Married,1,831,0,0.15,21229,157326,19117,24,Business,Semi-Urban,Undergraduate,Male,Govt,1
APP-1738,11347,0,Salaried,58,Married,2,578,0,0.41,53587,44512,77474,24,Personal,Semi-Urban,Graduate,Male,Private,0
APP-1739,12019,1000,Salaried,21,Single,2,744,2,0.15,50713,67865,103926,36,Personal,Semi-Urban,Undergraduate,Male,Private,1
APP-1740,5141,0,Salaried,47,Married,1,805,3,0.15,27997,164652,137463,48,Personal,Urban,Graduate,Male,Govt,1
APP-1741,9419,2500,Business,28,Single,3,830,1,0.46,22101,113393,111536,120,Education,Urban,Undergraduate,Female,Govt,1
APP-1742,5486,0,Salaried,62,Single,0,843,1,0.26,41391,82144,30128,240,Personal,Urban,Undergraduate,Female,Govt,1
APP-1743,3810,5000,Salaried,37,Married,0,636,0,0.59,76863,183557,79001,180,Personal,Urban,Undergraduate,Female,Self,0
APP-1744,8588,1000,Self-Employed,29,Single,3,698,0,0.12,73723,191693,10440,48,Home,Urban,Graduate,Female,Private,1
APP-1745,4923,2500,Salaried,26,Married,1,798,1,0.32,60405,127363,133491,24,Personal,Urban,Undergraduate,Male,Govt,1
APP-1746,7301,2000,Self-Employed,63,Married,4,832,0,0.16,35948,60665,91662,24,Education,Urban,Graduate,Female,Govt,1
APP-1747,12406,2000,Self-Employed,45,Single,1,747,1,0.28,54031,191675,10005,48,Business,Urban,Graduate,Female,Private,1
APP-1748,6186,2500,Business,59,Married,2,593,0,0.6,38921,162110,17038,120,Business,Semi-Urban,Graduate,Female,Private,0
APP-1749,10905,1500,Salaried,48,Single,1,577,2,0.54,73571,103542,16414,36,Education,Urban,Undergraduate,Female,Private,0
APP-1750,7977,1500,Salaried,53,Married,1,566,0,0.12,78007,111311,79506,120,Personal,Semi-Urban,Graduate,Male,Self,0
APP-1751,13794,1500,Salaried,57,Married,1,676,1,0.38,29460,24325,86586,60,Home,Semi-Urban,Undergraduate,Male,Private,1
APP-1752,14326,1500,Salaried,29,Married,2,717,1,0.42,22071,176964,143678,60,Personal,Semi-Urban,Postgraduate,Female,Govt,1
APP-1753,13714,0,Salaried,38,Married,1,793,0,0.2,67118,142825,26482,24,Home,Rural,Graduate,Male,Private,1
APP-1754,6268,0,Salaried,41,Married,3,625,0,0.17,49282,159068,43948,240,Home,Urban,Undergraduate,Male,Self,0
APP-1755,6748,2000,Self-Employed,22,Married,0,780,0,0.55,59445,78811,99987,60,Home,Semi-Urban,Graduate,Female,Private,0
APP-1756,6849,1500,Self-Employed,63,Single,0,753,3,0.58,55816,186283,30875,24,Personal,Rural,Undergraduate,Male,Private,0
APP-1757,11435,2500,Salaried,58,Single,1,797,0,0.6,4060,126737,23057,180,Home,Rural,Graduate,Male,Private,1
APP-1758,5709,2000,Self-Employed,60,Married,2,763,2,0.49,14731,10824,42400,360,Business,Urban,Postgraduate,Male,Private,0
APP-1759,11273,5000,Business,56,Single,3,764,4,0.43,78830,154952,78607,360,Home,Urban,Graduate,Female,Private,1
APP-1760,8619,0,Self-Employed,63,Single,1,707,2,0.27,21719,127718,97561,12,Business,Urban,Graduate,Male,Self,1
APP-1761,10647,0,Self-Employed,57,Single,2,618,0,0.19,48042,76617,37503,180,Personal,Semi-Urban,Graduate,Female,Private,1
APP-1762,11086,0,Salaried,35,Married,1,634,3,0.14,50116,21517,111096,360,Home,Semi-Urban,Graduate,Male,Private,1
APP-1763,11576,1000,Salaried,48,Married,2,816,0,0.45,27325,162755,56612,120,Home,Urban,Graduate,Male,Govt,1
APP-1764,12150,2500,Salaried,38,Single,3,618,1,0.49,23597,157948,108318,12,Personal,Semi-Urban,Graduate,Male,Govt,0
APP-1765,5072,0,Salaried,54,Married,0,648,3,0.51,68439,113068,94335,24,Personal,Semi-Urban,Graduate,Female,Private,0
APP-1766,8530,2500,Business,42,Single,1,765,1,0.56,15551,197426,110989,48,Personal,Semi-Urban,Postgraduate,Male,Govt,1
APP-1767,12188,1000,Self-Employed,31,Married,4,710,1,0.54,25278,125016,103012,48,Home,Rural,Postgraduate,Female,Private,0
APP-1768,14477,2000,Salaried,33,Married,3,643,0,0.6,16141,19982,91748,24,Education,Rural,Undergraduate,Female,Private,0
APP-1769,2504,2000,Salaried,24,Married,1,723,0,0.22,68913,167670,75195,240,Business,Urban,Postgraduate,Female,Private,1
APP-1770,3214,0,Self-Employed,42,Married,1,714,1,0.48,34615,155711,99846,24,Home,Semi-Urban,Postgraduate,Female,Self,0
APP-1771,3531,1500,Salaried,27,Married,0,664,0,0.39,63751,80210,112404,36,Education,Urban,Postgraduate,Male,Private,0
APP-1772,13632,1000,Salaried,63,Single,1,769,4,0.23,28452,79852,49142,48,Home,Semi-Urban,Graduate,Male,Govt,1
APP-1773,9576,0,Business,44,Married,3,580,3,0.59,23725,123618,81540,360,Personal,Rural,Postgraduate,Female,Private,0
APP-1774,2823,1000,Salaried,24,Single,2,560,3,0.55,51391,19695,86948,12,Personal,Rural,Graduate,Female,Self,0
APP-1775,2928,0,Salaried,48,Single,0,679,1,0.16,76060,58582,68951,240,Home,Semi-Urban,Undergraduate,Female,Private,0
APP-1776,7029,1000,Salaried,35,Married,0,654,1,0.11,12698,41094,21755,60,Home,Urban,Postgraduate,Female,Govt,1
APP-1777,2133,1500,Business,21,Single,0,576,3,0.44,78850,32187,127985,180,Home,Urban,Graduate,Female,Govt,0
APP-1778,4105,1500,Salaried,23,Single,0,776,3,0.4,3365,128013,94553,240,Education,Semi-Urban,Postgraduate,Male,Private,1
APP-1779,5627,2000,Salaried,34,Single,0,551,1,0.57,44372,138721,144962,60,Education,Urban,Graduate,Female,Govt,0
APP-1780,14972,0,Salaried,58,Single,1,650,0,0.22,45134,116683,104376,240,Business,Semi-Urban,Graduate,Female,Self,1
APP-1781,8316,2000,Salaried,21,Single,0,570,0,0.14,38823,11214,27175,240,Education,Urban,Graduate,Female,Self,0
APP-1782,3852,0,Salaried,58,Married,0,607,1,0.23,72158,33940,75687,360,Home,Urban,Postgraduate,Male,Private,0
APP-1783,6910,0,Self-Employed,58,Married,1,729,1,0.11,2949,54406,94983,24,Business,Urban,Postgraduate,Female,Private,1
APP-1784,6175,3000,Salaried,41,Single,0,569,2,0.12,50396,184553,56629,36,Education,Rural,Undergraduate,Female,Govt,0
APP-1785,13125,0,Business,49,Married,0,804,0,0.56,32912,157049,126779,12,Personal,Semi-Urban,Graduate,Male,Self,1
APP-1786,13476,1500,Salaried,25,Married,1,587,0,0.28,57947,185911,78513,48,Home,Urban,Postgraduate,Female,Private,0
APP-1787,14490,1500,Salaried,30,Married,0,697,0,0.31,45387,198946,92762,60,Home,Urban,Postgraduate,Male,Private,1
APP-1788,13003,0,Salaried,48,Single,1,574,0,0.11,64965,68414,142731,12,Business,Semi-Urban,Graduate,Female,Private,1
APP-1789,7348,0,Salaried,41,Married,0,670,0,0.24,17508,111440,67941,240,Personal,Urban,Postgraduate,Male,Private,0
APP-1790,11442,0,Salaried,27,Single,2,575,1,0.5,46592,166610,53473,24,Home,Semi-Urban,Graduate,Male,Private,0
APP-1791,13704,3000,Salaried,23,Married,3,718,1,0.41,2919,113569,26040,12,Personal,Rural,Graduate,Male,Private,1
APP-1792,8190,1000,Salaried,40,Married,2,774,2,0.48,43595,197313,79806,24,Business,Semi-Urban,Graduate,Female,Private,1
APP-1793,3256,0,Self-Employed,39,Married,1,550,0,0.32,10617,70481,122076,60,Home,Semi-Urban,Postgraduate,Male,Private,0
APP-1794,5376,1000,Salaried,55,Married,3,810,0,0.25,76268,37740,65916,360,Education,Semi-Urban,Graduate,Female,Private,1
APP-1795,7645,2000,Self-Employed,24,Single,2,562,1,0.34,34298,73328,143363,360,Business,Rural,Graduate,Female,Govt,0
APP-1796,5486,0,Business,25,Single,0,597,3,0.26,7929,191715,13811,24,Home,Rural,Graduate,Female,Private,0
APP-1797,5584,1000,Salaried,21,Single,1,840,0,0.52,15456,21881,41276,24,Personal,Semi-Urban,Graduate,Male,Private,1
APP-1798,11588,1500,Salaried,24,Married,3,643,2,0.25,38924,46996,91049,36,Personal,Urban,Graduate,Female,Private,1
APP-1799,13829,4000,Salaried,32,Married,1,810,0,0.43,25240,173249,83062,180,Personal,Semi-Urban,Graduate,Female,Self,1
APP-1800,10053,0,Salaried,47,Single,0,827,3,0.17,10228,132196,64499,36,Home,Urban,Postgraduate,Male,Govt,1
APP-1801,5330,0,Salaried,62,Single,2,754,2,0.44,22686,47177,56281,12,Home,Semi-Urban,Graduate,Male,Govt,0
APP-1802,4703,0,Self-Employed,43,Married,3,734,0,0.56,12920,76126,54852,120,Personal,Semi-Urban,Postgraduate,Male,Govt,0
APP-1803,10662,2000,Salaried,45,Married,0,724,1,0.4,8432,66531,14595,36,Home,Urban,Postgraduate,Female,Private,1
APP-1804,10120,0,Salaried,41,Married,1,618,0,0.38,64575,36119,105930,12,Education,Urban,Graduate,Male,Private,0
APP-1805,9114,1500,Self-Employed,44,Single,0,653,3,0.58,72725,127744,102676,48,Home,Semi-Urban,Graduate,Male,Private,0
APP-1806,3353,2500,Salaried,45,Married,2,795,1,0.41,34910,126894,29405,12,Home,Rural,Undergraduate,Female,Govt,1
APP-1807,12975,2000,Self-Employed,52,Married,0,710,1,0.23,31226,168987,68122,12,Business,Semi-Urban,Graduate,Male,Private,1
APP-1808,13023,1000,Salaried,52,Married,1,749,2,0.25,74150,143780,138909,24,Education,Semi-Urban,Graduate,Female,Self,1
APP-1809,7063,3000,Salaried,25,Single,3,765,2,0.45,60099,179821,13447,240,Business,Urban,Graduate,Female,Self,1
APP-1810,10549,1500,Salaried,56,Married,1,761,0,0.47,19013,54989,20662,24,Home,Semi-Urban,Postgraduate,Male,Self,1
APP-1811,13211,1500,Salaried,62,Married,2,565,1,0.25,22446,32106,68282,24,Personal,Semi-Urban,Postgraduate,Female,Private,0
APP-1812,9575,0,Business,62,Married,1,754,0,0.27,71375,27131,145971,240,Home,Semi-Urban,Undergraduate,Male,Self,1
APP-1813,2667,5000,Salaried,59,Married,0,588,0,0.6,63509,56553,38582,120,Personal,Urban,Undergraduate,Male,Govt,0
APP-1814,6468,0,Business,36,Married,2,638,1,0.15,1557,199216,77471,48,Personal,Semi-Urban,Graduate,Female,Govt,0
APP-1815,11337,0,Salaried,53,Single,0,805,0,0.3,31666,16553,133513,36,Home,Urban,Graduate,Male,Govt,1
APP-1816,8819,0,Salaried,41,Single,1,803,0,0.13,38389,27881,117578,12,Business,Urban,Graduate,Female,Private,1
APP-1817,14377,2000,Salaried,29,Single,0,765,2,0.51,48700,11379,85871,36,Home,Rural,Graduate,Male,Self,1
APP-1818,5719,0,Salaried,26,Single,2,721,0,0.15,25578,100791,93205,360,Personal,Urban,Graduate,Male,Govt,1
APP-1819,4745,0,Business,55,Married,3,686,1,0.44,75779,115664,84081,60,Business,Urban,Graduate,Female,Private,0
APP-1820,9483,0,Salaried,59,Single,4,727,0,0.13,10596,79306,115783,120,Business,Semi-Urban,Graduate,Male,Private,1
APP-1821,2539,0,Salaried,42,Married,1,626,0,0.44,58500,160798,93805,60,Business,Rural,Graduate,Female,Self,0
APP-1822,12971,1500,Salaried,61,Single,0,737,0,0.52,73534,150160,134698,12,Home,Semi-Urban,Graduate,Male,Private,1
APP-1823,6964,2000,Salaried,25,Single,1,564,1,0.3,11129,175386,148138,12,Home,Semi-Urban,Undergraduate,Female,Self,0
APP-1824,14328,0,Salaried,62,Married,3,841,2,0.36,64394,196113,20712,48,Home,Rural,Postgraduate,Male,Private,1
APP-1825,6835,1000,Salaried,43,Married,0,763,0,0.3,67046,114512,91527,36,Education,Urban,Undergraduate,Male,Private,1
APP-1826,5775,2000,Self-Employed,37,Married,4,757,0,0.25,12596,26350,139453,240,Personal,Urban,Graduate,Male,Private,1
APP-1827,8042,0,Salaried,32,Married,1,718,3,0.5,66355,109599,136888,180,Home,Urban,Graduate,Male,Private,0
APP-1828,9102,0,Salaried,43,Married,4,829,0,0.24,13974,91397,97185,180,Personal,Rural,Graduate,Female,Govt,1
APP-1829,9312,5000,Salaried,36,Single,3,695,3,0.46,67673,89509,109851,240,Home,Urban,Graduate,Male,Private,1
APP-1830,7320,1500,Salaried,23,Single,3,812,0,0.2,71202,27769,22210,180,Home,Urban,Graduate,Male,Private,1
APP-1831,8132,0,Business,50,Married,1,553,2,0.22,75442,188321,46972,24,Personal,Semi-Urban,Undergraduate,Male,Private,0
APP-1832,9891,1500,Salaried,42,Married,0,639,0,0.27,22818,111584,44136,48,Education,Semi-Urban,Undergraduate,Female,Private,1
APP-1833,12700,0,Salaried,29,Married,1,609,3,0.39,44246,56365,126445,120,Business,Semi-Urban,Graduate,Female,Private,0
APP-1834,4779,1500,Self-Employed,49,Single,1,565,2,0.33,56598,60185,25945,36,Home,Semi-Urban,Graduate,Male,Private,0
APP-1835,2924,0,Salaried,57,Married,0,776,1,0.47,3654,143858,89180,36,Personal,Urban,Graduate,Male,Govt,0
APP-1836,13148,0,Salaried,43,Married,1,578,0,0.21,34758,136525,80453,120,Home,Semi-Urban,Graduate,Male,Private,0
APP-1837,3581,0,Business,33,Married,1,700,2,0.11,25204,142692,95404,12,Home,Semi-Urban,Graduate,Female,Govt,1
APP-1838,9714,4000,Self-Employed,52,Married,2,794,1,0.49,35928,46303,13052,12,Personal,Rural,Graduate,Male,Govt,1
APP-1839,5324,2000,Business,43,Married,2,819,0,0.51,54609,29589,37272,60,Business,Urban,Graduate,Male,Private,1
APP-1840,14677,0,Salaried,37,Single,0,628,0,0.13,31552,12882,51150,12,Home,Rural,Graduate,Female,Govt,1
APP-1841,7713,0,Salaried,60,Married,4,838,2,0.41,11336,190394,148312,240,Home,Semi-Urban,Graduate,Female,Self,1
APP-1842,9026,2000,Salaried,41,Single,0,702,0,0.29,48037,139236,107095,24,Education,Urban,Graduate,Male,Private,1
APP-1843,2255,0,Salaried,22,Married,1,826,1,0.5,17206,165596,78774,120,Home,Semi-Urban,Graduate,Female,Self,0
APP-1844,6804,0,Self-Employed,57,Single,1,828,1,0.54,35831,19745,53175,60,Business,Urban,Undergraduate,Male,Govt,1
APP-1845,3838,5000,Salaried,26,Single,3,606,3,0.53,44563,25861,141637,48,Personal,Rural,Graduate,Female,Private,0
APP-1846,12136,0,Self-Employed,64,Married,0,735,3,0.49,19361,101707,26375,12,Home,Rural,Undergraduate,Male,Private,1
APP-1847,2009,2000,Self-Employed,38,Married,1,642,4,0.23,42335,64261,35710,36,Education,Urban,Undergraduate,Male,Self,0
APP-1848,4871,5000,Salaried,50,Married,2,825,0,0.51,75469,143909,117026,48,Personal,Urban,Undergraduate,Female,Private,1
APP-1849,10989,0,Salaried,42,Single,0,707,3,0.37,26816,84135,37597,24,Home,Urban,Postgraduate,Male,Private,1
APP-1850,9409,0,Self-Employed,53,Married,2,824,0,0.13,16619,64380,84289,24,Personal,Urban,Postgraduate,Male,Self,1
APP-1851,9418,0,Salaried,50,Single,3,730,1,0.33,27819,96089,95687,24,Home,Urban,Undergraduate,Male,Private,1
APP-1852,7124,2500,Self-Employed,37,Married,4,626,1,0.57,12741,115025,128968,12,Personal,Urban,Graduate,Female,Govt,0
APP-1853,3015,3000,Salaried,63,Single,0,700,0,0.54,9798,190903,50274,24,Home,Semi-Urban,Graduate,Male,Private,0
APP-1854,12016,2500,Salaried,52,Single,0,787,3,0.15,26143,179327,58634,120,Business,Urban,Undergraduate,Female,Private,1
APP-1855,14661,0,Salaried,62,Single,1,838,0,0.47,50695,170592,40041,36,Home,Rural,Postgraduate,Male,Private,1
APP-1856,13328,2500,Business,34,Married,1,780,1,0.5,33747,170613,148320,60,Home,Rural,Undergraduate,Male,Private,1
APP-1857,4193,4000,Salaried,30,Married,0,567,2,0.24,22182,168422,95365,12,Business,Semi-Urban,Postgraduate,Male,Govt,0
APP-1858,10415,2000,Self-Employed,56,Single,0,622,2,0.34,10415,54397,143275,240,Home,Rural,Undergraduate,Male,Private,0
APP-1859,9449,4000,Salaried,54,Married,4,738,0,0.46,12085,87085,61986,48,Home,Urban,Postgraduate,Female,Private,1
APP-1860,6158,2500,Self-Employed,29,Married,3,566,1,0.32,16008,73865,35370,360,Home,Urban,Postgraduate,Female,Private,0
APP-1861,5925,2000,Self-Employed,62,Married,0,568,2,0.16,19452,65956,45247,48,Home,Semi-Urban,Postgraduate,Male,Private,0
APP-1862,8970,1500,Salaried,48,Married,1,768,0,0.45,65075,168525,134403,24,Business,Semi-Urban,Undergraduate,Male,Govt,1
APP-1863,8938,0,Salaried,31,Married,1,669,1,0.56,9120,110727,129544,36,Personal,Semi-Urban,Undergraduate,Female,Govt,0
APP-1864,6784,0,Self-Employed,34,Married,0,650,0,0.43,65385,153978,141506,60,Home,Rural,Undergraduate,Female,Govt,0
APP-1865,6000,2000,Salaried,59,Married,2,583,1,0.49,74356,24988,72982,120,Personal,Rural,Postgraduate,Female,Private,0
APP-1866,3633,0,Self-Employed,39,Single,2,633,3,0.28,19170,168795,75180,180,Education,Semi-Urban,Graduate,Female,Private,0
APP-1867,12344,3000,Salaried,35,Single,3,745,1,0.19,17259,43800,118534,48,Business,Rural,Graduate,Male,Self,1
APP-1868,9266,5000,Business,48,Single,2,751,1,0.42,23099,180179,34644,180,Home,Urban,Undergraduate,Female,Govt,1
APP-1869,10702,2500,Self-Employed,44,Single,1,560,1,0.26,10649,168502,48493,36,Personal,Urban,Postgraduate,Male,Private,0
APP-1870,2384,0,Business,28,Married,2,767,1,0.53,60258,173607,93824,180,Education,Semi-Urban,Graduate,Male,Private,0
APP-1871,2404,0,Salaried,63,Married,0,802,0,0.16,42037,97329,145031,48,Education,Semi-Urban,Graduate,Female,Private,1
APP-1872,10175,0,Salaried,29,Married,1,771,0,0.32,12805,62284,57289,240,Education,Semi-Urban,Undergraduate,Female,Self,1
APP-1873,14805,2000,Salaried,53,Married,1,629,1,0.3,44147,66232,45481,360,Home,Urban,Undergraduate,Female,Govt,1
APP-1874,14763,2500,Salaried,53,Single,0,556,1,0.57,75280,54420,87097,180,Personal,Semi-Urban,Undergraduate,Male,Govt,0
APP-1875,4000,4000,Salaried,39,Married,0,821,1,0.18,47053,47710,32578,240,Education,Urban,Postgraduate,Male,Private,1
APP-1876,12948,1000,Salaried,23,Married,0,776,0,0.1,77215,102035,82048,240,Business,Semi-Urban,Graduate,Male,Private,1
APP-1877,11860,4000,Self-Employed,30,Married,3,565,0,0.22,11985,181570,105737,24,Home,Urban,Graduate,Female,Govt,1
APP-1878,7989,3000,Salaried,60,Married,0,561,0,0.51,13391,41283,28687,360,Personal,Urban,Graduate,Male,Private,0
APP-1879,3460,0,Salaried,62,Single,0,840,3,0.2,5861,35968,132540,120,Business,Urban,Undergraduate,Female,Private,1
APP-1880,9190,3000,Self-Employed,21,Married,1,790,1,0.22,64582,72508,40183,48,Personal,Urban,Graduate,Male,Private,1
APP-1881,9140,0,Salaried,49,Single,2,570,0,0.16,52928,123435,30758,60,Business,Rural,Postgraduate,Female,Govt,0
APP-1882,5636,0,Salaried,54,Married,0,727,0,0.46,35364,95366,142154,60,Business,Urban,Postgraduate,Female,Private,0
APP-1883,12916,2000,Business,33,Married,4,777,4,0.13,43923,15738,106368,180,Home,Urban,Postgraduate,Male,Private,1
APP-1884,6809,0,Business,21,Single,3,822,0,0.27,8919,13098,55891,360,Personal,Semi-Urban,Undergraduate,Male,Private,1
APP-1885,6178,2000,Salaried,54,Married,1,837,2,0.24,56896,105424,56901,180,Home,Semi-Urban,Graduate,Female,Self,1
APP-1886,9245,2000,Salaried,49,Single,2,846,0,0.38,48396,88672,113912,360,Education,Urban,Postgraduate,Male,Govt,1
APP-1887,8600,1500,Self-Employed,33,Single,0,683,3,0.47,35840,48244,81062,48,Home,Urban,Graduate,Female,Self,0
APP-1888,7997,0,Salaried,49,Single,1,832,3,0.37,43255,149325,82008,48,Personal,Rural,Graduate,Female,Private,1
APP-1889,4048,1500,Salaried,59,Single,2,702,1,0.57,72160,64333,143847,120,Education,Semi-Urban,Graduate,Male,Private,0
APP-1890,14338,1500,Salaried,44,Married,0,615,0,0.58,9176,135349,27974,240,Education,Urban,Graduate,Female,Private,0
APP-1891,6780,1500,Salaried,46,Single,0,686,0,0.28,34529,60969,90591,360,Home,Semi-Urban,Postgraduate,Male,Private,0
APP-1892,2716,1000,Salaried,37,Married,1,641,1,0.49,57406,100744,28615,12,Business,Urban,Postgraduate,Female,Self,0
APP-1893,9939,0,Salaried,27,Single,0,808,1,0.47,13941,127286,32838,12,Home,Urban,Graduate,Male,Self,1
APP-1894,7565,1500,Self-Employed,33,Single,3,652,0,0.55,2669,185483,50728,240,Home,Semi-Urban,Graduate,Female,Govt,0
APP-1895,6544,0,Business,25,Single,0,604,0,0.32,45859,85028,126249,180,Home,Rural,Postgraduate,Male,Govt,0
APP-1896,6976,2000,Salaried,46,Single,2,806,1,0.37,56786,45421,88000,360,Business,Urban,Undergraduate,Male,Private,1
APP-1897,14775,2500,Self-Employed,23,Married,1,650,1,0.31,52083,142526,62798,36,Business,Rural,Graduate,Male,Self,1
APP-1898,12015,1500,Business,27,Single,2,747,0,0.53,41076,158594,146772,60,Personal,Urban,Postgraduate,Female,Private,1
APP-1899,12273,1500,Salaried,59,Married,1,775,0,0.21,21323,48575,20248,36,Business,Urban,Postgraduate,Male,Private,1
APP-1900,5419,5000,Salaried,21,Single,1,786,4,0.22,7021,13192,55291,60,Home,Urban,Postgraduate,Female,Private,1
APP-1901,9239,2500,Self-Employed,37,Single,3,575,1,0.29,40807,121116,92629,12,Business,Urban,Graduate,Male,Private,0
APP-1902,11766,4000,Salaried,63,Married,1,670,2,0.22,51355,196340,135612,48,Home,Rural,Postgraduate,Female,Private,1
APP-1903,2249,2500,Self-Employed,45,Married,1,731,1,0.38,45732,137874,27177,120,Home,Semi-Urban,Postgraduate,Female,Private,0
APP-1904,10865,0,Salaried,23,Married,1,748,0,0.17,9711,91311,53815,24,Home,Urban,Postgraduate,Male,Self,1
APP-1905,14725,0,Business,35,Single,2,804,0,0.26,64079,151474,48533,180,Personal,Rural,Postgraduate,Male,Private,1
APP-1906,12357,1500,Salaried,49,Married,1,671,0,0.56,8904,90781,10026,240,Personal,Rural,Undergraduate,Male,Private,0
APP-1907,2770,0,Salaried,63,Married,3,580,2,0.3,65033,46527,114997,12,Home,Rural,Graduate,Male,Private,0
APP-1908,14154,1000,Self-Employed,52,Married,0,834,1,0.47,56096,62181,70611,48,Business,Rural,Undergraduate,Male,Private,1
APP-1909,6363,0,Salaried,46,Single,1,655,0,0.16,4093,101472,97242,48,Education,Urban,Postgraduate,Female,Private,0
APP-1910,12176,1500,Salaried,36,Married,2,773,4,0.22,25918,168074,114913,60,Home,Rural,Postgraduate,Male,Govt,1
APP-1911,3077,2000,Salaried,45,Married,2,822,0,0.5,73743,91219,52082,48,Education,Semi-Urban,Graduate,Female,Private,0
APP-1912,10427,2000,Salaried,48,Married,3,781,4,0.48,63636,153532,113613,360,Personal,Rural,Graduate,Female,Private,1
APP-1913,10580,1500,Salaried,29,Married,4,805,4,0.29,59806,129783,108315,180,Business,Rural,Postgraduate,Male,Private,1
APP-1914,13229,2500,Business,21,Married,1,573,0,0.58,10394,171554,99690,24,Education,Urban,Postgraduate,Female,Private,0
APP-1915,9901,1000,Salaried,49,Married,0,658,0,0.56,14280,157519,105220,12,Personal,Rural,Graduate,Male,Private,0
APP-1916,6858,3000,Self-Employed,42,Married,0,740,1,0.58,37303,189300,25389,360,Home,Urban,Postgraduate,Female,Private,0
APP-1917,12040,0,Self-Employed,36,Single,2,574,1,0.31,28453,93265,101860,12,Personal,Urban,Graduate,Male,Private,0
APP-1918,8544,5000,Business,61,Single,3,736,1,0.2,61695,60126,31797,120,Business,Urban,Undergraduate,Female,Private,1
APP-1919,6719,2000,Salaried,64,Married,0,837,4,0.41,69449,30545,121975,24,Home,Rural,Undergraduate,Female,Private,1
APP-1920,4814,0,Business,61,Single,0,665,2,0.44,26765,65114,107169,48,Business,Urban,Graduate,Male,Self,0
APP-1921,5374,0,Salaried,27,Married,0,586,0,0.16,3340,103740,76332,120,Personal,Semi-Urban,Undergraduate,Female,Private,0
APP-1922,13470,1000,Self-Employed,34,Married,3,831,0,0.49,39057,198873,148260,60,Home,Urban,Undergraduate,Male,Private,1
APP-1923,3252,0,Self-Employed,49,Married,1,686,1,0.11,1597,23890,33696,120,Business,Rural,Graduate,Male,Private,0
APP-1924,8996,0,Self-Employed,39,Married,1,776,0,0.34,58988,131284,12024,36,Education,Urban,Postgraduate,Female,Private,1
APP-1925,14173,2000,Salaried,39,Married,1,731,2,0.27,16025,62482,147656,60,Home,Rural,Graduate,Male,Private,1
APP-1926,6673,1500,Self-Employed,22,Married,3,635,0,0.47,8145,142812,100998,24,Home,Rural,Postgraduate,Female,Private,0
APP-1927,12314,2000,Salaried,61,Married,2,602,0,0.26,56797,171193,15285,180,Home,Semi-Urban,Graduate,Male,Private,1
APP-1928,6530,4000,Self-Employed,35,Single,2,784,0,0.51,42723,152290,17370,36,Business,Urban,Graduate,Female,Private,1
APP-1929,12342,1500,Business,23,Married,0,816,2,0.4,74230,81591,27903,12,Personal,Semi-Urban,Graduate,Male,Private,1
APP-1930,8881,1500,Salaried,31,Married,1,836,0,0.5,5830,98241,107904,240,Business,Rural,Graduate,Male,Govt,1
APP-1931,8949,0,Business,50,Married,2,649,2,0.59,24930,44722,32995,240,Home,Rural,Undergraduate,Male,Private,0
APP-1932,11521,2000,Salaried,60,Married,4,636,1,0.44,24752,59431,115160,36,Home,Urban,Graduate,Male,Govt,0
APP-1933,8241,0,Salaried,38,Married,0,564,2,0.59,77025,192615,98377,180,Home,Rural,Graduate,Male,Self,0
APP-1934,10017,5000,Salaried,22,Married,0,650,1,0.11,63040,52000,47822,360,Education,Urban,Undergraduate,Male,Self,1
APP-1935,8941,2500,Salaried,52,Single,0,714,0,0.27,68696,81975,117412,240,Business,Semi-Urban,Graduate,Male,Self,1
APP-1936,11550,1500,Self-Employed,28,Married,1,578,2,0.15,65648,40921,61222,36,Personal,Rural,Postgraduate,Male,Self,1
APP-1937,9002,0,Salaried,42,Married,3,663,0,0.23,56030,109265,104088,24,Home,Urban,Undergraduate,Male,Private,1
APP-1938,12674,3000,Salaried,26,Single,0,656,1,0.52,57815,98747,100450,180,Business,Rural,Undergraduate,Male,Self,0
APP-1939,14734,2500,Business,32,Married,1,679,0,0.12,36690,171686,119366,180,Personal,Semi-Urban,Graduate,Male,Govt,1
APP-1940,12209,0,Self-Employed,60,Married,1,633,2,0.36,58923,27601,120078,360,Home,Rural,Graduate,Female,Govt,0
APP-1941,3331,0,Self-Employed,56,Single,0,820,3,0.38,37572,103332,73853,60,Business,Urban,Undergraduate,Male,Private,1
APP-1942,14536,2500,Business,35,Married,1,793,1,0.38,55030,133254,133794,48,Home,Semi-Urban,Graduate,Male,Govt,1
APP-1943,6261,0,Self-Employed,48,Married,0,763,1,0.34,68904,161586,62442,240,Home,Rural,Graduate,Male,Self,1
APP-1944,9648,4000,Salaried,38,Married,1,715,2,0.5,30203,129004,19675,48,Home,Urban,Graduate,Female,Private,1
APP-1945,11550,1000,Salaried,22,Married,2,828,0,0.17,78088,157364,99590,48,Education,Urban,Graduate,Male,Private,1
APP-1946,7115,0,Self-Employed,33,Married,1,608,3,0.26,6608,172582,118570,24,Education,Rural,Postgraduate,Female,Govt,0
APP-1947,6637,2500,Salaried,35,Married,0,639,0,0.41,46667,38000,41661,12,Home,Urban,Postgraduate,Male,Private,0
APP-1948,6854,0,Self-Employed,40,Married,4,743,4,0.45,56547,140439,74289,48,Home,Rural,Undergraduate,Male,Govt,0
APP-1949,5177,1500,Salaried,49,Married,2,672,2,0.3,23485,129277,27184,180,Personal,Urban,Postgraduate,Female,Self,0
APP-1950,9730,0,Salaried,62,Single,2,685,2,0.54,10862,40383,57963,360,Business,Urban,Graduate,Male,Govt,0
APP-1951,12320,0,Salaried,49,Married,0,688,1,0.31,76948,152857,15267,360,Personal,Rural,Graduate,Male,Private,1
APP-1952,4180,2000,Self-Employed,23,Married,0,778,1,0.3,72880,50910,72814,12,Home,Semi-Urban,Undergraduate,Female,Govt,1
APP-1953,6892,1500,Salaried,39,Married,0,823,1,0.12,58560,180100,46025,60,Home,Semi-Urban,Graduate,Female,Govt,1
APP-1954,9043,1500,Self-Employed,23,Single,0,599,0,0.38,29415,165927,131246,180,Home,Semi-Urban,Graduate,Female,Private,0
APP-1955,2137,2500,Salaried,34,Married,1,667,1,0.45,65523,34281,87605,180,Home,Rural,Undergraduate,Female,Govt,0
APP-1956,8327,2000,Salaried,60,Single,3,751,1,0.16,20323,123838,142053,120,Personal,Urban,Postgraduate,Female,Private,1
APP-1957,5472,0,Business,24,Married,1,740,3,0.25,54214,14841,53436,48,Personal,Semi-Urban,Graduate,Female,Govt,1
APP-1958,7449,0,Self-Employed,31,Married,0,730,1,0.49,18997,107204,87192,36,Personal,Urban,Undergraduate,Male,Private,0
APP-1959,4832,4000,Salaried,51,Married,1,627,0,0.28,58003,70155,130591,360,Personal,Semi-Urban,Undergraduate,Female,Private,0
APP-1960,5579,2500,Self-Employed,63,Married,0,624,0,0.22,4679,167990,94511,48,Home,Urban,Graduate,Female,Private,0
APP-1961,7971,1500,Salaried,52,Married,2,844,1,0.44,41308,66313,19665,240,Home,Urban,Undergraduate,Male,Private,1
APP-1962,13223,0,Salaried,47,Married,1,830,0,0.2,76024,121688,101277,12,Personal,Semi-Urban,Graduate,Male,Self,1
APP-1963,6164,0,Salaried,50,Married,2,570,0,0.55,40842,158515,62474,180,Home,Urban,Postgraduate,Male,Govt,0
APP-1964,12785,2000,Self-Employed,63,Married,4,720,2,0.15,66408,173322,85911,120,Home,Urban,Undergraduate,Female,Govt,1
APP-1965,9941,3000,Self-Employed,22,Single,0,564,1,0.45,70532,142994,102643,12,Home,Semi-Urban,Undergraduate,Male,Private,0
APP-1966,7569,2000,Salaried,29,Single,1,760,1,0.35,54938,41976,40484,48,Home,Semi-Urban,Graduate,Female,Private,1
APP-1967,6300,2500,Business,48,Married,3,597,0,0.53,6695,153063,111165,60,Home,Rural,Graduate,Male,Private,0
APP-1968,8269,2500,Salaried,51,Married,2,635,2,0.16,59499,114405,35835,240,Business,Semi-Urban,Graduate,Female,Private,1
APP-1969,5818,0,Salaried,54,Married,1,698,0,0.44,24382,63744,106453,48,Business,Urban,Postgraduate,Male,Private,0
APP-1970,14330,1000,Salaried,35,Single,3,737,2,0.39,15235,163805,63790,36,Home,Semi-Urban,Graduate,Female,Govt,1
APP-1971,14015,0,Salaried,45,Married,0,700,0,0.34,63223,12473,19643,24,Home,Urban,Graduate,Female,Private,1
APP-1972,14234,0,Salaried,56,Single,3,690,3,0.35,3366,149180,85846,48,Personal,Rural,Graduate,Female,Private,1
APP-1973,3906,3000,Salaried,28,Married,0,618,1,0.46,28467,38715,23200,48,Home,Rural,Graduate,Female,Private,0
APP-1974,8254,1000,Self-Employed,29,Married,1,809,1,0.57,60316,173282,62275,60,Home,Semi-Urban,Graduate,Female,Self,1
APP-1975,2760,1500,Salaried,57,Married,3,558,1,0.15,7764,47317,99001,180,Home,Semi-Urban,Undergraduate,Male,Private,0
APP-1976,9830,0,Salaried,59,Single,0,670,1,0.11,62836,75516,52448,360,Home,Urban,Graduate,Male,Self,1
APP-1977,9350,0,Salaried,52,Married,1,650,0,0.5,32923,174434,101685,24,Personal,Semi-Urban,Graduate,Female,Private,0
APP-1978,8238,0,Salaried,37,Married,1,698,2,0.15,17292,64604,20619,60,Business,Rural,Undergraduate,Male,Govt,1
APP-1979,8090,0,Salaried,55,Single,4,695,0,0.59,2614,14889,115454,360,Home,Urban,Postgraduate,Male,Govt,0
APP-1980,13637,2000,Self-Employed,57,Married,3,792,3,0.41,21939,83748,11766,36,Home,Urban,Graduate,Male,Private,1
APP-1981,8031,0,Salaried,39,Single,2,790,2,0.43,19800,41971,13549,12,Home,Semi-Urban,Graduate,Male,Private,1
APP-1982,9687,2000,Self-Employed,64,Married,1,592,0,0.2,57440,60551,117938,24,Home,Semi-Urban,Postgraduate,Male,Govt,0
APP-1983,11091,0,Business,49,Single,3,644,2,0.22,24246,144273,137673,120,Business,Urban,Graduate,Female,Private,1
APP-1984,14647,0,Salaried,27,Married,1,775,0,0.43,53805,118957,58328,60,Personal,Rural,Postgraduate,Male,Private,1
APP-1985,13139,0,Self-Employed,48,Married,1,555,0,0.55,50648,99882,35301,12,Education,Urban,Graduate,Male,Govt,0
APP-1986,11911,1500,Salaried,29,Single,2,763,4,0.59,57851,47958,54763,12,Personal,Urban,Graduate,Male,Private,1
APP-1987,10472,2000,Self-Employed,48,Married,1,755,1,0.2,32688,15681,54787,48,Business,Semi-Urban,Graduate,Female,Self,1
APP-1988,13458,1000,Salaried,26,Married,0,616,1,0.17,30764,111982,130675,48,Business,Urban,Postgraduate,Female,Private,1
APP-1989,3887,1000,Salaried,49,Married,0,649,0,0.13,33470,56870,17425,120,Home,Semi-Urban,Undergraduate,Female,Private,0
APP-1990,5266,2000,Salaried,37,Married,0,561,0,0.53,39501,138396,22857,120,Home,Urban,Graduate,Male,Private,0
APP-1991,2666,0,Salaried,36,Married,3,786,4,0.25,58207,77203,102999,120,Personal,Urban,Postgraduate,Female,Private,1
APP-1992,6188,0,Salaried,43,Married,1,807,0,0.1,63157,169224,51457,12,Home,Urban,Graduate,Female,Govt,1
APP-1993,2671,2500,Salaried,51,Married,2,684,0,0.21,4216,60061,141776,360,Business,Rural,Graduate,Female,Private,0
APP-1994,12161,2000,Salaried,23,Married,1,771,1,0.27,23072,198691,15452,180,Personal,Semi-Urban,Undergraduate,Female,Private,1
APP-1995,14348,0,Business,41,Married,0,705,1,0.6,38132,68235,121153,180,Business,Rural,Graduate,Male,Private,0
APP-1996,8777,4000,Self-Employed,46,Married,1,691,1,0.36,18861,47890,48862,180,Home,Urban,Undergraduate,Male,Govt,1
APP-1997,13314,2500,Salaried,56,Single,2,707,0,0.2,65186,100073,28300,24,Business,Semi-Urban,Postgraduate,Male,Govt,1
APP-1998,9570,0,Salaried,62,Single,2,811,0,0.27,5960,71401,148573,24,Home,Semi-Urban,Undergraduate,Male,Self,1
APP-1999,9956,2000,Business,57,Single,3,832,0,0.27,19781,21217,11845,120,Business,Rural,Postgraduate,Female,Private,1
APP-2000,7124,1500,Self-Employed,42,Married,2,778,3,0.11,32126,58351,129342,180,Home,Semi-Urban,Graduate,Female,Private,1
